id,class,conversation
1,일반 대화,"최근에 본 영화 중 추천할 만한 거 있어?
나도 그렇게 생각했어.
최신 영화 뭐가 좋대?
로맨스도 괜찮지.
여름 휴가 어디 갈 거야?
음… 글쎄.
점심 뭐 먹을래?
나는 치킨.
최신 영화 뭐가 좋대?
로맨스도 괜찮지.
Ducimus 영화 재밌어 보이네.
정말? 나도 보고 싶다.
지난 여행 기억나?
정말?
최근에 본 영화 중 추천할 만한 거 있어?
Nisi 영화 좋았어.
점심 뭐 먹을래?
헐 진짜?
조심히 들어가!"
2,일반 대화,"지난 여행 기억나?
사진 다시 봐야겠다.
지난 여행 기억나?
다음엔 더 가고 싶어.
여름 휴가 어디 갈 거야?
바다 가고 싶어.
지난 여행 기억나?
나도 그렇게 생각했어.
여름 휴가 어디 갈 거야?
산으로 가고 싶네.
저녁 메뉴 추천해줘.
짜장면 어때?
조심히 들어가!"
3,일반 대화,"여름 휴가 어디 갈 거야?
평창군 갈까 생각 중이야.
최신 영화 뭐가 좋대?
헐 진짜?
해외여행 가고 싶다.
돈만 있으면 당장 가지.
해외여행 가고 싶다.
유럽도 좋지.
Ducimus 영화 재밌어 보이네.
좋네!
프로젝트 언제 끝날까?
팀장한테 물어봐야겠네.
최신 영화 뭐가 좋대?
리뷰 확인해봐.
Ducimus 영화 재밌어 보이네.
헐 진짜?
치킨 땡긴다.
양념치킨 어때?
오늘은 여기까지 하자."
4,일반 대화,"저녁 메뉴 추천해줘.
집밥이 최고야.
프로젝트 언제 끝날까?
주말에 좀 해야겠어.
최근에 본 영화 중 추천할 만한 거 있어?
그건 몰랐네.
어제 비 때문에 힘들었어.
다음엔 우산 꼭 챙겨.
치킨 땡긴다.
정말?
오늘 날씨 진짜 좋다.
그러게, 산책하기 딱 좋네.
오늘 날씨 진짜 좋다.
맞아 덥더라.
어제 비 때문에 힘들었어.
재밌네.
오늘은 여기까지 하자."
5,일반 대화,"업무 너무 많다.
같이 해결하자.
오늘 날씨 진짜 좋다.
그러게, 산책하기 딱 좋네.
어제 비 때문에 힘들었어.
그건 몰랐네.
오늘 날씨 진짜 좋다.
햇볕이 따뜻하네.
오늘 회의 힘들었지?
응 진짜 길더라.
주말에 영화 보러 갈래?
오 그렇구나.
프로젝트 언제 끝날까?
팀장한테 물어봐야겠네.
오늘은 여기까지 하자."
6,일반 대화,"해외여행 가고 싶다.
동남아 어때?
오늘 회의 힘들었지?
응 진짜 길더라.
어제 비 때문에 힘들었어.
나도 젖었어.
점심 뭐 먹을래?
나도 그렇게 생각했어.
비 많이 올 것 같지 않아?
그건 몰랐네.
오늘 회의 힘들었지?
음… 글쎄.
주말에 또 얘기하자."
7,일반 대화,"Ducimus 영화 재밌어 보이네.
같이 보자!
어제 비 때문에 힘들었어.
나도 젖었어.
오늘 회의 힘들었지?
나 졸릴 뻔했어.
해외여행 가고 싶다.
오 그렇구나.
최근에 본 영화 중 추천할 만한 거 있어?
정말?
오늘 회의 힘들었지?
내일 더 바빠질듯.
잘 가!"
8,일반 대화,"해외여행 가고 싶다.
동남아 어때?
오늘 회의 힘들었지?
응 진짜 길더라.
치킨 땡긴다.
나도 치킨 좋아해.
Ducimus 영화 재밌어 보이네.
같이 보자!
최신 영화 뭐가 좋대?
리뷰 확인해봐.
해외여행 가고 싶다.
동남아 어때?
어제 본 영화 진짜 재밌었어.
난 별로였어.
최근에 본 영화 중 추천할 만한 거 있어?
코미디로 Vel 영화 어때?
잘 가!"
9,일반 대화,"오늘 회의 힘들었지?
나 졸릴 뻔했어.
오늘 날씨 진짜 좋다.
그건 몰랐네.
오늘 날씨 진짜 좋다.
그러게, 산책하기 딱 좋네.
오늘 회의 힘들었지?
내일 더 바빠질듯.
프로젝트 언제 끝날까?
아마 다음 달쯤?
업무 너무 많다.
나도 그래.
여름 휴가 어디 갈 거야?
정말?
오늘은 여기까지 하자."
10,일반 대화,"지난 여행 기억나?
다음엔 더 가고 싶어.
어제 비 때문에 힘들었어.
다음엔 우산 꼭 챙겨.
오늘 날씨 진짜 좋다.
내일은 더 춥대.
지난 여행 기억나?
그건 몰랐네.
어제 비 때문에 힘들었어.
음… 글쎄.
지난 여행 기억나?
좋네!
해외여행 가고 싶다.
유럽도 좋지.
그럼 내일 보자."
11,일반 대화,"주말에 영화 보러 갈래?
좋아, 무슨 영화 볼까?
해외여행 가고 싶다.
이야, 놀랍다.
어제 본 영화 진짜 재밌었어.
좋네!
업무 너무 많다.
재밌네.
프로젝트 언제 끝날까?
아마 다음 달쯤?
오늘 날씨 진짜 좋다.
햇볕이 따뜻하네.
최신 영화 뭐가 좋대?
오 그렇구나.
주말에 영화 보러 갈래?
시간 맞으면 보자.
오늘 회의 힘들었지?
그래도 끝나서 다행.
잘 가!"
12,일반 대화,"저녁 메뉴 추천해줘.
짜장면 어때?
업무 너무 많다.
좋네!
여름 휴가 어디 갈 거야?
바다 가고 싶어.
어제 비 때문에 힘들었어.
나도 젖었어.
오늘 날씨 진짜 좋다.
햇볕이 따뜻하네.
치킨 땡긴다.
양념치킨 어때?
치킨 땡긴다.
어제도 먹었는데 또?
점심 뭐 먹을래?
분식 어때?
조심히 들어가!"
13,일반 대화,"오늘 회의 힘들었지?
응 진짜 길더라.
여름 휴가 어디 갈 거야?
바다 가고 싶어.
해외여행 가고 싶다.
동남아 어때?
어제 비 때문에 힘들었어.
그건 몰랐네.
치킨 땡긴다.
피자도 괜찮잖아.
Ducimus 영화 재밌어 보이네.
장르가 뭔데?
잘 가!"
14,일반 대화,"오늘 날씨 진짜 좋다.
오 그렇구나.
어제 비 때문에 힘들었어.
와 대박
어제 비 때문에 힘들었어.
나도 젖었어.
오늘 회의 힘들었지?
응 진짜 길더라.
지난 여행 기억나?
다음엔 더 가고 싶어.
비 많이 올 것 같지 않아?
주말엔 맑다더라.
최신 영화 뭐가 좋대?
그건 몰랐네.
최근에 본 영화 중 추천할 만한 거 있어?
Delectus 영화 좋았어.
그럼 내일 보자."
15,일반 대화,"여름 휴가 어디 갈 거야?
헐 진짜?
저녁 메뉴 추천해줘.
정말?
최근에 본 영화 중 추천할 만한 거 있어?
오 그렇구나.
업무 너무 많다.
같이 해결하자.
점심 뭐 먹을래?
헐 진짜?
Ducimus 영화 재밌어 보이네.
장르가 뭔데?
오늘은 여기까지 하자."
16,일반 대화,"해외여행 가고 싶다.
동남아 어때?
주말에 영화 보러 갈래?
좋네!
업무 너무 많다.
나도 그래.
치킨 땡긴다.
나도 그렇게 생각했어.
업무 너무 많다.
휴가 내보는 게 어때?
저녁 메뉴 추천해줘.
불고기 어떠신가요?
어제 비 때문에 힘들었어.
헐 진짜?
퇴근하고 연락할게."
17,일반 대화,"어제 본 영화 진짜 재밌었어.
나도 보려고 했는데!
오늘 회의 힘들었지?
내일 더 바빠질듯.
해외여행 가고 싶다.
유럽도 좋지.
최근에 본 영화 중 추천할 만한 거 있어?
코미디로 Laudantium 영화 어때?
어제 비 때문에 힘들었어.
재밌네.
어제 본 영화 진짜 재밌었어.
뭐 봤는데?
어제 본 영화 진짜 재밌었어.
뭐 봤는데?
프로젝트 언제 끝날까?
그렇게 들리네.
그럼 내일 보자."
18,일반 대화,"프로젝트 언제 끝날까?
주말에 좀 해야겠어.
점심 뭐 먹을래?
나는 치킨.
치킨 땡긴다.
나도 치킨 좋아해.
주말에 영화 보러 갈래?
이야, 놀랍다.
저녁 메뉴 추천해줘.
불고기 어떠신가요?
비 많이 올 것 같지 않아?
응, 우산 챙겨야겠다.
그럼 내일 보자."
19,일반 대화,"어제 비 때문에 힘들었어.
나도 젖었어.
치킨 땡긴다.
어제도 먹었는데 또?
최근에 본 영화 중 추천할 만한 거 있어?
정말?
저녁 메뉴 추천해줘.
짜장면 어때?
치킨 땡긴다.
재밌네.
치킨 땡긴다.
나도 치킨 좋아해.
Ducimus 영화 재밌어 보이네.
와 대박
지난 여행 기억나?
사진 다시 봐야겠다.
잘 가!"
20,일반 대화,"프로젝트 언제 끝날까?
좋네!
해외여행 가고 싶다.
음… 글쎄.
오늘 날씨 진짜 좋다.
이야, 놀랍다.
최신 영화 뭐가 좋대?
로맨스도 괜찮지.
저녁 메뉴 추천해줘.
그건 몰랐네.
최신 영화 뭐가 좋대?
음… 글쎄.
여름 휴가 어디 갈 거야?
정말?
조심히 들어가!"
21,일반 대화,"오늘 회의 힘들었지?
나 졸릴 뻔했어.
최근에 본 영화 중 추천할 만한 거 있어?
Animi 영화 좋았어.
최신 영화 뭐가 좋대?
SF가 인기야.
업무 너무 많다.
같이 해결하자.
해외여행 가고 싶다.
동남아 어때?
오늘 회의 힘들었지?
나 졸릴 뻔했어.
주말에 또 얘기하자."
22,일반 대화,"비 많이 올 것 같지 않아?
그러네, 아침에도 흐렸어.
비 많이 올 것 같지 않아?
그러네, 아침에도 흐렸어.
프로젝트 언제 끝날까?
음… 글쎄.
프로젝트 언제 끝날까?
주말에 좀 해야겠어.
점심 뭐 먹을래?
라면 땡겨.
비 많이 올 것 같지 않아?
이야, 놀랍다.
조심히 들어가!"
23,일반 대화,"저녁 메뉴 추천해줘.
집밥이 최고야.
치킨 땡긴다.
양념치킨 어때?
지난 여행 기억나?
다음엔 더 가고 싶어.
어제 본 영화 진짜 재밌었어.
그건 몰랐네.
여름 휴가 어디 갈 거야?
와 대박
주말에 영화 보러 갈래?
좋아, 무슨 영화 볼까?
저녁 메뉴 추천해줘.
와 대박
어제 비 때문에 힘들었어.
그래서 늦었지?
잘 가!"
24,일반 대화,"해외여행 가고 싶다.
오 그렇구나.
저녁 메뉴 추천해줘.
재밌네.
오늘 회의 힘들었지?
헐 진짜?
오늘 회의 힘들었지?
그래도 끝나서 다행.
프로젝트 언제 끝날까?
생각보다 오래 걸릴 듯.
프로젝트 언제 끝날까?
팀장한테 물어봐야겠네.
업무 너무 많다.
음… 글쎄.
그럼 내일 보자."
25,일반 대화,"최신 영화 뭐가 좋대?
리뷰 확인해봐.
지난 여행 기억나?
다음엔 더 가고 싶어.
최근에 본 영화 중 추천할 만한 거 있어?
액션 영화는 Officia 영화가 최고.
오늘 날씨 진짜 좋다.
맞아 덥더라.
업무 너무 많다.
휴가 내보는 게 어때?
오늘 회의 힘들었지?
내일 더 바빠질듯.
어제 비 때문에 힘들었어.
재밌네.
조심히 들어가!"
26,일반 대화,"저녁 메뉴 추천해줘.
짜장면 어때?
오늘 회의 힘들었지?
나 졸릴 뻔했어.
지난 여행 기억나?
사진 다시 봐야겠다.
어제 비 때문에 힘들었어.
나도 젖었어.
업무 너무 많다.
나도 그래.
치킨 땡긴다.
음… 글쎄.
오늘 날씨 진짜 좋다.
내일은 더 춥대.
오늘은 여기까지 하자."
27,일반 대화,"주말에 영화 보러 갈래?
그렇게 들리네.
비 많이 올 것 같지 않아?
오 그렇구나.
프로젝트 언제 끝날까?
팀장한테 물어봐야겠네.
비 많이 올 것 같지 않아?
응, 우산 챙겨야겠다.
업무 너무 많다.
나도 그렇게 생각했어.
여름 휴가 어디 갈 거야?
아직 못 정했어.
주말에 영화 보러 갈래?
와 대박
지난 여행 기억나?
재밌었지.
주말에 또 얘기하자."
28,일반 대화,"해외여행 가고 싶다.
헐 진짜?
해외여행 가고 싶다.
돈만 있으면 당장 가지.
오늘 날씨 진짜 좋다.
와 대박
오늘 회의 힘들었지?
오 그렇구나.
해외여행 가고 싶다.
돈만 있으면 당장 가지.
저녁 메뉴 추천해줘.
음… 글쎄.
여름 휴가 어디 갈 거야?
옥천군 갈까 생각 중이야.
최근에 본 영화 중 추천할 만한 거 있어?
Atque 영화 좋았어.
Ducimus 영화 재밌어 보이네.
장르가 뭔데?
주말에 또 얘기하자."
29,일반 대화,"치킨 땡긴다.
나도 치킨 좋아해.
비 많이 올 것 같지 않아?
오 그렇구나.
해외여행 가고 싶다.
맞아, 일본 가고 싶어.
치킨 땡긴다.
좋네!
오늘 회의 힘들었지?
응 진짜 길더라.
비 많이 올 것 같지 않아?
그러네, 아침에도 흐렸어.
업무 너무 많다.
나도 그래.
오늘 날씨 진짜 좋다.
와 대박
오늘 날씨 진짜 좋다.
그러게, 산책하기 딱 좋네.
그럼 내일 보자."
30,일반 대화,"어제 비 때문에 힘들었어.
나도 젖었어.
여름 휴가 어디 갈 거야?
성남시 수정구 갈까 생각 중이야.
점심 뭐 먹을래?
라면 땡겨.
여름 휴가 어디 갈 거야?
바다 가고 싶어.
해외여행 가고 싶다.
돈만 있으면 당장 가지.
지난 여행 기억나?
사진 다시 봐야겠다.
조심히 들어가!"
31,일반 대화,"업무 너무 많다.
나도 그래.
어제 비 때문에 힘들었어.
그래서 늦었지?
어제 비 때문에 힘들었어.
다음엔 우산 꼭 챙겨.
비 많이 올 것 같지 않아?
그러네, 아침에도 흐렸어.
오늘 회의 힘들었지?
나 졸릴 뻔했어.
Ducimus 영화 재밌어 보이네.
정말? 나도 보고 싶다.
Ducimus 영화 재밌어 보이네.
정말? 나도 보고 싶다.
오늘 회의 힘들었지?
그래도 끝나서 다행.
잘 가!"
32,일반 대화,"점심 뭐 먹을래?
나는 치킨.
치킨 땡긴다.
양념치킨 어때?
치킨 땡긴다.
양념치킨 어때?
프로젝트 언제 끝날까?
팀장한테 물어봐야겠네.
프로젝트 언제 끝날까?
생각보다 오래 걸릴 듯.
어제 본 영화 진짜 재밌었어.
나도 보려고 했는데!
지난 여행 기억나?
좋네!
오늘은 여기까지 하자."
33,일반 대화,"어제 비 때문에 힘들었어.
다음엔 우산 꼭 챙겨.
어제 비 때문에 힘들었어.
이야, 놀랍다.
Ducimus 영화 재밌어 보이네.
장르가 뭔데?
치킨 땡긴다.
양념치킨 어때?
주말에 영화 보러 갈래?
헐 진짜?
프로젝트 언제 끝날까?
팀장한테 물어봐야겠네.
치킨 땡긴다.
어제도 먹었는데 또?
주말에 또 얘기하자."
34,일반 대화,"프로젝트 언제 끝날까?
팀장한테 물어봐야겠네.
비 많이 올 것 같지 않아?
오 그렇구나.
비 많이 올 것 같지 않아?
헐 진짜?
업무 너무 많다.
음… 글쎄.
저녁 메뉴 추천해줘.
집밥이 최고야.
치킨 땡긴다.
나도 치킨 좋아해.
치킨 땡긴다.
나도 치킨 좋아해.
조심히 들어가!"
35,일반 대화,"해외여행 가고 싶다.
동남아 어때?
업무 너무 많다.
나도 그래.
어제 본 영화 진짜 재밌었어.
나도 보려고 했는데!
프로젝트 언제 끝날까?
주말에 좀 해야겠어.
저녁 메뉴 추천해줘.
집밥이 최고야.
저녁 메뉴 추천해줘.
그렇게 들리네.
그럼 내일 보자."
36,일반 대화,"여름 휴가 어디 갈 거야?
이천시 갈까 생각 중이야.
주말에 영화 보러 갈래?
코미디 어때?
저녁 메뉴 추천해줘.
집밥이 최고야.
점심 뭐 먹을래?
나는 치킨.
오늘 회의 힘들었지?
그래도 끝나서 다행.
최신 영화 뭐가 좋대?
리뷰 확인해봐.
퇴근하고 연락할게."
37,일반 대화,"주말에 영화 보러 갈래?
음… 글쎄.
지난 여행 기억나?
재밌었지.
오늘 날씨 진짜 좋다.
그러게, 산책하기 딱 좋네.
Ducimus 영화 재밌어 보이네.
같이 보자!
어제 비 때문에 힘들었어.
이야, 놀랍다.
오늘 회의 힘들었지?
응 진짜 길더라.
어제 비 때문에 힘들었어.
그래서 늦었지?
조심히 들어가!"
38,일반 대화,"치킨 땡긴다.
양념치킨 어때?
오늘 날씨 진짜 좋다.
맞아 덥더라.
어제 본 영화 진짜 재밌었어.
음… 글쎄.
오늘 날씨 진짜 좋다.
햇볕이 따뜻하네.
해외여행 가고 싶다.
나도 그렇게 생각했어.
해외여행 가고 싶다.
맞아, 일본 가고 싶어.
최신 영화 뭐가 좋대?
재밌네.
최근에 본 영화 중 추천할 만한 거 있어?
Molestiae 영화 좋았어.
그럼 내일 보자."
39,일반 대화,"업무 너무 많다.
좋네!
어제 본 영화 진짜 재밌었어.
나도 보려고 했는데!
지난 여행 기억나?
다음엔 더 가고 싶어.
어제 비 때문에 힘들었어.
그래서 늦었지?
업무 너무 많다.
같이 해결하자.
프로젝트 언제 끝날까?
주말에 좀 해야겠어.
Ducimus 영화 재밌어 보이네.
같이 보자!
비 많이 올 것 같지 않아?
응, 우산 챙겨야겠다.
Ducimus 영화 재밌어 보이네.
음… 글쎄.
퇴근하고 연락할게."
40,일반 대화,"업무 너무 많다.
휴가 내보는 게 어때?
오늘 회의 힘들었지?
내일 더 바빠질듯.
어제 본 영화 진짜 재밌었어.
정말?
오늘 회의 힘들었지?
그래도 끝나서 다행.
프로젝트 언제 끝날까?
팀장한테 물어봐야겠네.
프로젝트 언제 끝날까?
주말에 좀 해야겠어.
오늘 날씨 진짜 좋다.
내일은 더 춥대.
주말에 또 얘기하자."
41,일반 대화,"어제 비 때문에 힘들었어.
다음엔 우산 꼭 챙겨.
오늘 날씨 진짜 좋다.
햇볕이 따뜻하네.
점심 뭐 먹을래?
김밥 어때?
업무 너무 많다.
헐 진짜?
주말에 영화 보러 갈래?
좋아, 무슨 영화 볼까?
지난 여행 기억나?
사진 다시 봐야겠다.
해외여행 가고 싶다.
그건 몰랐네.
오늘은 여기까지 하자."
42,일반 대화,"비 많이 올 것 같지 않아?
그건 몰랐네.
어제 비 때문에 힘들었어.
다음엔 우산 꼭 챙겨.
치킨 땡긴다.
피자도 괜찮잖아.
오늘 회의 힘들었지?
음… 글쎄.
지난 여행 기억나?
헐 진짜?
해외여행 가고 싶다.
정말?
최신 영화 뭐가 좋대?
오 그렇구나.
퇴근하고 연락할게."
43,일반 대화,"어제 비 때문에 힘들었어.
그래서 늦었지?
저녁 메뉴 추천해줘.
좋네!
어제 비 때문에 힘들었어.
다음엔 우산 꼭 챙겨.
점심 뭐 먹을래?
김밥 어때?
해외여행 가고 싶다.
유럽도 좋지.
최신 영화 뭐가 좋대?
리뷰 확인해봐.
퇴근하고 연락할게."
44,일반 대화,"Ducimus 영화 재밌어 보이네.
같이 보자!
오늘 회의 힘들었지?
나 졸릴 뻔했어.
여름 휴가 어디 갈 거야?
아직 못 정했어.
저녁 메뉴 추천해줘.
짜장면 어때?
최신 영화 뭐가 좋대?
SF가 인기야.
최신 영화 뭐가 좋대?
로맨스도 괜찮지.
Ducimus 영화 재밌어 보이네.
같이 보자!
어제 본 영화 진짜 재밌었어.
재밌네.
잘 가!"
45,일반 대화,"어제 비 때문에 힘들었어.
좋네!
오늘 날씨 진짜 좋다.
맞아 덥더라.
프로젝트 언제 끝날까?
팀장한테 물어봐야겠네.
해외여행 가고 싶다.
음… 글쎄.
점심 뭐 먹을래?
분식 어때?
어제 비 때문에 힘들었어.
나도 젖었어.
오늘은 여기까지 하자."
46,일반 대화,"오늘 회의 힘들었지?
와 대박
여름 휴가 어디 갈 거야?
음… 글쎄.
주말에 영화 보러 갈래?
시간 맞으면 보자.
오늘 날씨 진짜 좋다.
그러게, 산책하기 딱 좋네.
치킨 땡긴다.
어제도 먹었는데 또?
오늘 회의 힘들었지?
그래도 끝나서 다행.
치킨 땡긴다.
양념치킨 어때?
오늘은 여기까지 하자."
47,일반 대화,"업무 너무 많다.
재밌네.
비 많이 올 것 같지 않아?
주말엔 맑다더라.
오늘 날씨 진짜 좋다.
이야, 놀랍다.
치킨 땡긴다.
이야, 놀랍다.
지난 여행 기억나?
재밌었지.
프로젝트 언제 끝날까?
음… 글쎄.
최신 영화 뭐가 좋대?
리뷰 확인해봐.
퇴근하고 연락할게."
48,일반 대화,"해외여행 가고 싶다.
동남아 어때?
치킨 땡긴다.
양념치킨 어때?
프로젝트 언제 끝날까?
생각보다 오래 걸릴 듯.
오늘 날씨 진짜 좋다.
맞아 덥더라.
저녁 메뉴 추천해줘.
나도 그렇게 생각했어.
어제 비 때문에 힘들었어.
나도 젖었어.
점심 뭐 먹을래?
김밥 어때?
잘 가!"
49,일반 대화,"오늘 회의 힘들었지?
그건 몰랐네.
주말에 영화 보러 갈래?
시간 맞으면 보자.
비 많이 올 것 같지 않아?
주말엔 맑다더라.
오늘 회의 힘들었지?
재밌네.
비 많이 올 것 같지 않아?
그러네, 아침에도 흐렸어.
업무 너무 많다.
나도 그래.
저녁 메뉴 추천해줘.
짜장면 어때?
여름 휴가 어디 갈 거야?
그렇게 들리네.
오늘 날씨 진짜 좋다.
그건 몰랐네.
그럼 내일 보자."
50,일반 대화,"업무 너무 많다.
나도 그래.
Ducimus 영화 재밌어 보이네.
같이 보자!
오늘 날씨 진짜 좋다.
햇볕이 따뜻하네.
치킨 땡긴다.
어제도 먹었는데 또?
프로젝트 언제 끝날까?
생각보다 오래 걸릴 듯.
어제 본 영화 진짜 재밌었어.
좋네!
점심 뭐 먹을래?
와 대박
오늘은 여기까지 하자."
51,일반 대화,"점심 뭐 먹을래?
좋네!
저녁 메뉴 추천해줘.
좋네!
어제 비 때문에 힘들었어.
나도 젖었어.
비 많이 올 것 같지 않아?
응, 우산 챙겨야겠다.
여름 휴가 어디 갈 거야?
바다 가고 싶어.
오늘 날씨 진짜 좋다.
맞아 덥더라.
지난 여행 기억나?
다음엔 더 가고 싶어.
치킨 땡긴다.
양념치킨 어때?
조심히 들어가!"
52,일반 대화,"주말에 영화 보러 갈래?
시간 맞으면 보자.
오늘 회의 힘들었지?
응 진짜 길더라.
업무 너무 많다.
나도 그렇게 생각했어.
최근에 본 영화 중 추천할 만한 거 있어?
액션 영화는 Voluptas 영화가 최고.
주말에 영화 보러 갈래?
난 액션 보고 싶어.
지난 여행 기억나?
다음엔 더 가고 싶어.
오늘 회의 힘들었지?
내일 더 바빠질듯.
오늘 날씨 진짜 좋다.
좋네!
해외여행 가고 싶다.
맞아, 일본 가고 싶어.
잘 가!"
53,일반 대화,"해외여행 가고 싶다.
돈만 있으면 당장 가지.
점심 뭐 먹을래?
김밥 어때?
어제 비 때문에 힘들었어.
다음엔 우산 꼭 챙겨.
오늘 회의 힘들었지?
내일 더 바빠질듯.
업무 너무 많다.
나도 그래.
오늘 회의 힘들었지?
그래도 끝나서 다행.
주말에 영화 보러 갈래?
코미디 어때?
조심히 들어가!"
54,일반 대화,"업무 너무 많다.
휴가 내보는 게 어때?
여름 휴가 어디 갈 거야?
산으로 가고 싶네.
최근에 본 영화 중 추천할 만한 거 있어?
헐 진짜?
비 많이 올 것 같지 않아?
헐 진짜?
지난 여행 기억나?
재밌었지.
비 많이 올 것 같지 않아?
비 올 때 집에서 쉴까?
퇴근하고 연락할게."
55,일반 대화,"비 많이 올 것 같지 않아?
비 올 때 집에서 쉴까?
오늘 회의 힘들었지?
와 대박
여름 휴가 어디 갈 거야?
산으로 가고 싶네.
해외여행 가고 싶다.
이야, 놀랍다.
프로젝트 언제 끝날까?
주말에 좀 해야겠어.
업무 너무 많다.
헐 진짜?
프로젝트 언제 끝날까?
생각보다 오래 걸릴 듯.
Ducimus 영화 재밌어 보이네.
정말? 나도 보고 싶다.
해외여행 가고 싶다.
돈만 있으면 당장 가지.
퇴근하고 연락할게."
56,일반 대화,"치킨 땡긴다.
피자도 괜찮잖아.
치킨 땡긴다.
피자도 괜찮잖아.
오늘 회의 힘들었지?
이야, 놀랍다.
점심 뭐 먹을래?
김밥 어때?
주말에 영화 보러 갈래?
나도 그렇게 생각했어.
어제 비 때문에 힘들었어.
다음엔 우산 꼭 챙겨.
퇴근하고 연락할게."
57,일반 대화,"저녁 메뉴 추천해줘.
재밌네.
치킨 땡긴다.
음… 글쎄.
비 많이 올 것 같지 않아?
비 올 때 집에서 쉴까?
Ducimus 영화 재밌어 보이네.
장르가 뭔데?
프로젝트 언제 끝날까?
정말?
Ducimus 영화 재밌어 보이네.
같이 보자!
주말에 영화 보러 갈래?
와 대박
조심히 들어가!"
58,일반 대화,"업무 너무 많다.
나도 그래.
지난 여행 기억나?
사진 다시 봐야겠다.
업무 너무 많다.
휴가 내보는 게 어때?
어제 비 때문에 힘들었어.
정말?
지난 여행 기억나?
다음엔 더 가고 싶어.
여름 휴가 어디 갈 거야?
산으로 가고 싶네.
그럼 내일 보자."
59,일반 대화,"여름 휴가 어디 갈 거야?
바다 가고 싶어.
Ducimus 영화 재밌어 보이네.
헐 진짜?
어제 비 때문에 힘들었어.
그래서 늦었지?
치킨 땡긴다.
양념치킨 어때?
저녁 메뉴 추천해줘.
불고기 어떠신가요?
저녁 메뉴 추천해줘.
짜장면 어때?
해외여행 가고 싶다.
그건 몰랐네.
잘 가!"
60,일반 대화,"업무 너무 많다.
좋네!
지난 여행 기억나?
다음엔 더 가고 싶어.
여름 휴가 어디 갈 거야?
헐 진짜?
해외여행 가고 싶다.
맞아, 일본 가고 싶어.
프로젝트 언제 끝날까?
아마 다음 달쯤?
어제 비 때문에 힘들었어.
헐 진짜?
최신 영화 뭐가 좋대?
리뷰 확인해봐.
비 많이 올 것 같지 않아?
주말엔 맑다더라.
어제 본 영화 진짜 재밌었어.
난 별로였어.
오늘은 여기까지 하자."
61,일반 대화,"해외여행 가고 싶다.
맞아, 일본 가고 싶어.
최근에 본 영화 중 추천할 만한 거 있어?
코미디로 Minus 영화 어때?
어제 비 때문에 힘들었어.
헐 진짜?
점심 뭐 먹을래?
분식 어때?
비 많이 올 것 같지 않아?
그러네, 아침에도 흐렸어.
치킨 땡긴다.
나도 치킨 좋아해.
어제 비 때문에 힘들었어.
나도 젖었어.
프로젝트 언제 끝날까?
이야, 놀랍다.
프로젝트 언제 끝날까?
주말에 좀 해야겠어.
그럼 내일 보자."
62,일반 대화,"여름 휴가 어디 갈 거야?
그건 몰랐네.
Ducimus 영화 재밌어 보이네.
장르가 뭔데?
비 많이 올 것 같지 않아?
그러네, 아침에도 흐렸어.
해외여행 가고 싶다.
돈만 있으면 당장 가지.
Ducimus 영화 재밌어 보이네.
같이 보자!
프로젝트 언제 끝날까?
생각보다 오래 걸릴 듯.
그럼 내일 보자."
63,일반 대화,"프로젝트 언제 끝날까?
생각보다 오래 걸릴 듯.
오늘 회의 힘들었지?
와 대박
지난 여행 기억나?
재밌었지.
여름 휴가 어디 갈 거야?
청주시 청원구 갈까 생각 중이야.
오늘 날씨 진짜 좋다.
그러게, 산책하기 딱 좋네.
최근에 본 영화 중 추천할 만한 거 있어?
Excepturi 영화 좋았어.
점심 뭐 먹을래?
나는 치킨.
잘 가!"
64,일반 대화,"최근에 본 영화 중 추천할 만한 거 있어?
그렇게 들리네.
최근에 본 영화 중 추천할 만한 거 있어?
코미디로 Commodi 영화 어때?
업무 너무 많다.
같이 해결하자.
프로젝트 언제 끝날까?
주말에 좀 해야겠어.
최근에 본 영화 중 추천할 만한 거 있어?
Laboriosam 영화 좋았어.
비 많이 올 것 같지 않아?
오 그렇구나.
퇴근하고 연락할게."
65,일반 대화,"어제 비 때문에 힘들었어.
그래서 늦었지?
최신 영화 뭐가 좋대?
로맨스도 괜찮지.
점심 뭐 먹을래?
분식 어때?
프로젝트 언제 끝날까?
오 그렇구나.
점심 뭐 먹을래?
분식 어때?
최근에 본 영화 중 추천할 만한 거 있어?
정말?
업무 너무 많다.
같이 해결하자.
어제 본 영화 진짜 재밌었어.
뭐 봤는데?
여름 휴가 어디 갈 거야?
음… 글쎄.
잘 가!"
66,일반 대화,"Ducimus 영화 재밌어 보이네.
좋네!
점심 뭐 먹을래?
김밥 어때?
지난 여행 기억나?
다음엔 더 가고 싶어.
여름 휴가 어디 갈 거야?
아직 못 정했어.
치킨 땡긴다.
그렇게 들리네.
업무 너무 많다.
같이 해결하자.
조심히 들어가!"
67,일반 대화,"어제 본 영화 진짜 재밌었어.
나도 보려고 했는데!
업무 너무 많다.
휴가 내보는 게 어때?
여름 휴가 어디 갈 거야?
보은군 갈까 생각 중이야.
비 많이 올 것 같지 않아?
비 올 때 집에서 쉴까?
치킨 땡긴다.
어제도 먹었는데 또?
최신 영화 뭐가 좋대?
리뷰 확인해봐.
여름 휴가 어디 갈 거야?
아직 못 정했어.
그럼 내일 보자."
68,일반 대화,"프로젝트 언제 끝날까?
아마 다음 달쯤?
어제 본 영화 진짜 재밌었어.
정말?
해외여행 가고 싶다.
맞아, 일본 가고 싶어.
오늘 날씨 진짜 좋다.
그러게, 산책하기 딱 좋네.
비 많이 올 것 같지 않아?
그건 몰랐네.
업무 너무 많다.
같이 해결하자.
프로젝트 언제 끝날까?
팀장한테 물어봐야겠네.
오늘은 여기까지 하자."
69,일반 대화,"여름 휴가 어디 갈 거야?
산으로 가고 싶네.
최근에 본 영화 중 추천할 만한 거 있어?
나도 그렇게 생각했어.
비 많이 올 것 같지 않아?
비 올 때 집에서 쉴까?
오늘 날씨 진짜 좋다.
햇볕이 따뜻하네.
해외여행 가고 싶다.
동남아 어때?
어제 비 때문에 힘들었어.
나도 젖었어.
조심히 들어가!"
70,일반 대화,"최신 영화 뭐가 좋대?
리뷰 확인해봐.
프로젝트 언제 끝날까?
좋네!
Ducimus 영화 재밌어 보이네.
같이 보자!
오늘 날씨 진짜 좋다.
그러게, 산책하기 딱 좋네.
비 많이 올 것 같지 않아?
비 올 때 집에서 쉴까?
프로젝트 언제 끝날까?
그렇게 들리네.
프로젝트 언제 끝날까?
아마 다음 달쯤?
퇴근하고 연락할게."
71,일반 대화,"지난 여행 기억나?
다음엔 더 가고 싶어.
여름 휴가 어디 갈 거야?
바다 가고 싶어.
주말에 영화 보러 갈래?
난 액션 보고 싶어.
최근에 본 영화 중 추천할 만한 거 있어?
좋네!
치킨 땡긴다.
피자도 괜찮잖아.
저녁 메뉴 추천해줘.
재밌네.
조심히 들어가!"
72,일반 대화,"최근에 본 영화 중 추천할 만한 거 있어?
정말?
점심 뭐 먹을래?
김밥 어때?
저녁 메뉴 추천해줘.
이야, 놀랍다.
업무 너무 많다.
나도 그래.
프로젝트 언제 끝날까?
아마 다음 달쯤?
주말에 영화 보러 갈래?
코미디 어때?
업무 너무 많다.
오 그렇구나.
오늘 회의 힘들었지?
나 졸릴 뻔했어.
주말에 또 얘기하자."
73,일반 대화,"최신 영화 뭐가 좋대?
로맨스도 괜찮지.
오늘 날씨 진짜 좋다.
그러게, 산책하기 딱 좋네.
점심 뭐 먹을래?
김밥 어때?
주말에 영화 보러 갈래?
시간 맞으면 보자.
저녁 메뉴 추천해줘.
짜장면 어때?
비 많이 올 것 같지 않아?
응, 우산 챙겨야겠다.
여름 휴가 어디 갈 거야?
고양시 일산동구 갈까 생각 중이야.
오늘 회의 힘들었지?
음… 글쎄.
업무 너무 많다.
정말?
오늘은 여기까지 하자."
74,일반 대화,"오늘 회의 힘들었지?
나도 그렇게 생각했어.
해외여행 가고 싶다.
유럽도 좋지.
프로젝트 언제 끝날까?
생각보다 오래 걸릴 듯.
오늘 회의 힘들었지?
나 졸릴 뻔했어.
치킨 땡긴다.
나도 치킨 좋아해.
해외여행 가고 싶다.
돈만 있으면 당장 가지.
어제 비 때문에 힘들었어.
그래서 늦었지?
주말에 또 얘기하자."
75,일반 대화,"해외여행 가고 싶다.
와 대박
오늘 회의 힘들었지?
내일 더 바빠질듯.
치킨 땡긴다.
어제도 먹었는데 또?
최근에 본 영화 중 추천할 만한 거 있어?
코미디로 Doloremque 영화 어때?
비 많이 올 것 같지 않아?
그러네, 아침에도 흐렸어.
어제 비 때문에 힘들었어.
그래서 늦었지?
오늘은 여기까지 하자."
76,일반 대화,"업무 너무 많다.
나도 그래.
점심 뭐 먹을래?
분식 어때?
오늘 날씨 진짜 좋다.
정말?
최근에 본 영화 중 추천할 만한 거 있어?
이야, 놀랍다.
여름 휴가 어디 갈 거야?
바다 가고 싶어.
오늘 회의 힘들었지?
응 진짜 길더라.
오늘은 여기까지 하자."
77,일반 대화,"업무 너무 많다.
정말?
프로젝트 언제 끝날까?
아마 다음 달쯤?
해외여행 가고 싶다.
돈만 있으면 당장 가지.
어제 본 영화 진짜 재밌었어.
그렇게 들리네.
점심 뭐 먹을래?
분식 어때?
오늘 날씨 진짜 좋다.
햇볕이 따뜻하네.
Ducimus 영화 재밌어 보이네.
좋네!
점심 뭐 먹을래?
라면 땡겨.
오늘은 여기까지 하자."
78,일반 대화,"오늘 날씨 진짜 좋다.
재밌네.
오늘 회의 힘들었지?
그래도 끝나서 다행.
업무 너무 많다.
휴가 내보는 게 어때?
어제 비 때문에 힘들었어.
그래서 늦었지?
여름 휴가 어디 갈 거야?
산으로 가고 싶네.
점심 뭐 먹을래?
분식 어때?
잘 가!"
79,일반 대화,"Ducimus 영화 재밌어 보이네.
정말? 나도 보고 싶다.
여름 휴가 어디 갈 거야?
와 대박
점심 뭐 먹을래?
나는 치킨.
치킨 땡긴다.
양념치킨 어때?
업무 너무 많다.
이야, 놀랍다.
점심 뭐 먹을래?
분식 어때?
업무 너무 많다.
나도 그래.
오늘은 여기까지 하자."
80,일반 대화,"비 많이 올 것 같지 않아?
헐 진짜?
업무 너무 많다.
같이 해결하자.
지난 여행 기억나?
나도 그렇게 생각했어.
지난 여행 기억나?
재밌었지.
치킨 땡긴다.
재밌네.
점심 뭐 먹을래?
분식 어때?
여름 휴가 어디 갈 거야?
그렇게 들리네.
조심히 들어가!"
81,일반 대화,"치킨 땡긴다.
나도 그렇게 생각했어.
여름 휴가 어디 갈 거야?
충주시 갈까 생각 중이야.
오늘 날씨 진짜 좋다.
그러게, 산책하기 딱 좋네.
지난 여행 기억나?
사진 다시 봐야겠다.
최신 영화 뭐가 좋대?
리뷰 확인해봐.
오늘 날씨 진짜 좋다.
햇볕이 따뜻하네.
주말에 영화 보러 갈래?
그건 몰랐네.
지난 여행 기억나?
사진 다시 봐야겠다.
퇴근하고 연락할게."
82,일반 대화,"최신 영화 뭐가 좋대?
오 그렇구나.
업무 너무 많다.
좋네!
해외여행 가고 싶다.
유럽도 좋지.
해외여행 가고 싶다.
음… 글쎄.
오늘 날씨 진짜 좋다.
정말?
여름 휴가 어디 갈 거야?
아직 못 정했어.
조심히 들어가!"
83,일반 대화,"오늘 회의 힘들었지?
나 졸릴 뻔했어.
지난 여행 기억나?
다음엔 더 가고 싶어.
프로젝트 언제 끝날까?
오 그렇구나.
오늘 날씨 진짜 좋다.
와 대박
어제 비 때문에 힘들었어.
나도 젖었어.
어제 본 영화 진짜 재밌었어.
추천해줄까?
치킨 땡긴다.
이야, 놀랍다.
점심 뭐 먹을래?
나는 치킨.
주말에 또 얘기하자."
84,일반 대화,"해외여행 가고 싶다.
그렇게 들리네.
최근에 본 영화 중 추천할 만한 거 있어?
액션 영화는 Ea 영화가 최고.
프로젝트 언제 끝날까?
생각보다 오래 걸릴 듯.
프로젝트 언제 끝날까?
이야, 놀랍다.
비 많이 올 것 같지 않아?
주말엔 맑다더라.
어제 비 때문에 힘들었어.
그래서 늦었지?
주말에 영화 보러 갈래?
그건 몰랐네.
여름 휴가 어디 갈 거야?
산으로 가고 싶네.
잘 가!"
85,일반 대화,"프로젝트 언제 끝날까?
팀장한테 물어봐야겠네.
업무 너무 많다.
나도 그래.
주말에 영화 보러 갈래?
시간 맞으면 보자.
해외여행 가고 싶다.
동남아 어때?
점심 뭐 먹을래?
분식 어때?
프로젝트 언제 끝날까?
팀장한테 물어봐야겠네.
오늘 회의 힘들었지?
나 졸릴 뻔했어.
주말에 또 얘기하자."
86,일반 대화,"해외여행 가고 싶다.
와 대박
지난 여행 기억나?
음… 글쎄.
최근에 본 영화 중 추천할 만한 거 있어?
Velit 영화 좋았어.
프로젝트 언제 끝날까?
오 그렇구나.
업무 너무 많다.
나도 그래.
저녁 메뉴 추천해줘.
불고기 어떠신가요?
조심히 들어가!"
87,일반 대화,"어제 비 때문에 힘들었어.
재밌네.
지난 여행 기억나?
재밌네.
점심 뭐 먹을래?
좋네!
점심 뭐 먹을래?
라면 땡겨.
해외여행 가고 싶다.
유럽도 좋지.
최근에 본 영화 중 추천할 만한 거 있어?
나도 그렇게 생각했어.
치킨 땡긴다.
양념치킨 어때?
어제 비 때문에 힘들었어.
다음엔 우산 꼭 챙겨.
조심히 들어가!"
88,일반 대화,"점심 뭐 먹을래?
라면 땡겨.
해외여행 가고 싶다.
돈만 있으면 당장 가지.
점심 뭐 먹을래?
라면 땡겨.
해외여행 가고 싶다.
좋네!
어제 비 때문에 힘들었어.
재밌네.
여름 휴가 어디 갈 거야?
산으로 가고 싶네.
그럼 내일 보자."
89,일반 대화,"어제 본 영화 진짜 재밌었어.
난 별로였어.
비 많이 올 것 같지 않아?
그건 몰랐네.
점심 뭐 먹을래?
와 대박
어제 비 때문에 힘들었어.
나도 젖었어.
해외여행 가고 싶다.
헐 진짜?
최근에 본 영화 중 추천할 만한 거 있어?
Perferendis 영화 좋았어.
그럼 내일 보자."
90,일반 대화,"오늘 날씨 진짜 좋다.
그러게, 산책하기 딱 좋네.
프로젝트 언제 끝날까?
주말에 좀 해야겠어.
최신 영화 뭐가 좋대?
로맨스도 괜찮지.
어제 본 영화 진짜 재밌었어.
오 그렇구나.
오늘 회의 힘들었지?
그래도 끝나서 다행.
오늘 날씨 진짜 좋다.
그건 몰랐네.
퇴근하고 연락할게."
91,일반 대화,"저녁 메뉴 추천해줘.
나도 그렇게 생각했어.
업무 너무 많다.
좋네!
최신 영화 뭐가 좋대?
SF가 인기야.
Ducimus 영화 재밌어 보이네.
와 대박
오늘 날씨 진짜 좋다.
맞아 덥더라.
최근에 본 영화 중 추천할 만한 거 있어?
음… 글쎄.
조심히 들어가!"
92,일반 대화,"저녁 메뉴 추천해줘.
불고기 어떠신가요?
오늘 날씨 진짜 좋다.
맞아 덥더라.
어제 본 영화 진짜 재밌었어.
난 별로였어.
오늘 날씨 진짜 좋다.
햇볕이 따뜻하네.
Ducimus 영화 재밌어 보이네.
같이 보자!
Ducimus 영화 재밌어 보이네.
그렇게 들리네.
비 많이 올 것 같지 않아?
좋네!
치킨 땡긴다.
양념치킨 어때?
그럼 내일 보자."
93,일반 대화,"비 많이 올 것 같지 않아?
비 올 때 집에서 쉴까?
여름 휴가 어디 갈 거야?
아직 못 정했어.
오늘 날씨 진짜 좋다.
내일은 더 춥대.
최근에 본 영화 중 추천할 만한 거 있어?
나도 그렇게 생각했어.
프로젝트 언제 끝날까?
그렇게 들리네.
지난 여행 기억나?
그건 몰랐네.
치킨 땡긴다.
이야, 놀랍다.
주말에 영화 보러 갈래?
시간 맞으면 보자.
점심 뭐 먹을래?
재밌네.
퇴근하고 연락할게."
94,일반 대화,"오늘 회의 힘들었지?
그래도 끝나서 다행.
프로젝트 언제 끝날까?
헐 진짜?
여름 휴가 어디 갈 거야?
태백시 갈까 생각 중이야.
어제 본 영화 진짜 재밌었어.
추천해줄까?
오늘 날씨 진짜 좋다.
그렇게 들리네.
점심 뭐 먹을래?
오 그렇구나.
최신 영화 뭐가 좋대?
로맨스도 괜찮지.
오늘 회의 힘들었지?
나 졸릴 뻔했어.
해외여행 가고 싶다.
와 대박
퇴근하고 연락할게."
95,일반 대화,"최근에 본 영화 중 추천할 만한 거 있어?
액션 영화는 Exercitationem 영화가 최고.
오늘 날씨 진짜 좋다.
이야, 놀랍다.
오늘 회의 힘들었지?
나 졸릴 뻔했어.
최근에 본 영화 중 추천할 만한 거 있어?
코미디로 Mollitia 영화 어때?
최신 영화 뭐가 좋대?
로맨스도 괜찮지.
어제 비 때문에 힘들었어.
나도 젖었어.
오늘 회의 힘들었지?
내일 더 바빠질듯.
오늘 날씨 진짜 좋다.
나도 그렇게 생각했어.
잘 가!"
96,일반 대화,"주말에 영화 보러 갈래?
시간 맞으면 보자.
오늘 날씨 진짜 좋다.
오 그렇구나.
프로젝트 언제 끝날까?
재밌네.
해외여행 가고 싶다.
맞아, 일본 가고 싶어.
Ducimus 영화 재밌어 보이네.
헐 진짜?
오늘 날씨 진짜 좋다.
나도 그렇게 생각했어.
최신 영화 뭐가 좋대?
로맨스도 괜찮지.
잘 가!"
97,일반 대화,"저녁 메뉴 추천해줘.
집밥이 최고야.
Ducimus 영화 재밌어 보이네.
정말? 나도 보고 싶다.
지난 여행 기억나?
재밌었지.
비 많이 올 것 같지 않아?
좋네!
업무 너무 많다.
나도 그래.
오늘 날씨 진짜 좋다.
맞아 덥더라.
주말에 또 얘기하자."
98,일반 대화,"지난 여행 기억나?
다음엔 더 가고 싶어.
Ducimus 영화 재밌어 보이네.
장르가 뭔데?
지난 여행 기억나?
재밌었지.
오늘 회의 힘들었지?
음… 글쎄.
점심 뭐 먹을래?
헐 진짜?
저녁 메뉴 추천해줘.
나도 그렇게 생각했어.
지난 여행 기억나?
재밌었지.
업무 너무 많다.
휴가 내보는 게 어때?
조심히 들어가!"
99,일반 대화,"업무 너무 많다.
같이 해결하자.
지난 여행 기억나?
다음엔 더 가고 싶어.
어제 본 영화 진짜 재밌었어.
그렇게 들리네.
치킨 땡긴다.
나도 치킨 좋아해.
프로젝트 언제 끝날까?
팀장한테 물어봐야겠네.
저녁 메뉴 추천해줘.
정말?
오늘 날씨 진짜 좋다.
와 대박
최근에 본 영화 중 추천할 만한 거 있어?
코미디로 Ipsa 영화 어때?
조심히 들어가!"
100,일반 대화,"점심 뭐 먹을래?
라면 땡겨.
업무 너무 많다.
같이 해결하자.
오늘 회의 힘들었지?
이야, 놀랍다.
여름 휴가 어디 갈 거야?
나도 그렇게 생각했어.
어제 비 때문에 힘들었어.
음… 글쎄.
주말에 영화 보러 갈래?
그건 몰랐네.
저녁 메뉴 추천해줘.
헐 진짜?
퇴근하고 연락할게."
101,일반 대화,"비 많이 올 것 같지 않아?
그러네, 아침에도 흐렸어.
업무 너무 많다.
나도 그래.
오늘 날씨 진짜 좋다.
맞아 덥더라.
최근에 본 영화 중 추천할 만한 거 있어?
Sit 영화 좋았어.
어제 비 때문에 힘들었어.
나도 젖었어.
오늘 회의 힘들었지?
내일 더 바빠질듯.
오늘 회의 힘들었지?
응 진짜 길더라.
점심 뭐 먹을래?
김밥 어때?
그럼 내일 보자."
102,일반 대화,"어제 비 때문에 힘들었어.
나도 젖었어.
비 많이 올 것 같지 않아?
그러네, 아침에도 흐렸어.
오늘 회의 힘들었지?
나 졸릴 뻔했어.
오늘 회의 힘들었지?
그래도 끝나서 다행.
최신 영화 뭐가 좋대?
로맨스도 괜찮지.
오늘 회의 힘들었지?
헐 진짜?
오늘 날씨 진짜 좋다.
햇볕이 따뜻하네.
최근에 본 영화 중 추천할 만한 거 있어?
액션 영화는 Nostrum 영화가 최고.
그럼 내일 보자."
103,일반 대화,"어제 본 영화 진짜 재밌었어.
난 별로였어.
최신 영화 뭐가 좋대?
좋네!
주말에 영화 보러 갈래?
난 액션 보고 싶어.
오늘 회의 힘들었지?
응 진짜 길더라.
점심 뭐 먹을래?
라면 땡겨.
어제 비 때문에 힘들었어.
좋네!
점심 뭐 먹을래?
나도 그렇게 생각했어.
오늘 날씨 진짜 좋다.
이야, 놀랍다.
조심히 들어가!"
104,일반 대화,"프로젝트 언제 끝날까?
생각보다 오래 걸릴 듯.
해외여행 가고 싶다.
헐 진짜?
치킨 땡긴다.
나도 그렇게 생각했어.
비 많이 올 것 같지 않아?
이야, 놀랍다.
점심 뭐 먹을래?
라면 땡겨.
해외여행 가고 싶다.
와 대박
어제 비 때문에 힘들었어.
그래서 늦었지?
주말에 또 얘기하자."
105,일반 대화,"오늘 날씨 진짜 좋다.
맞아 덥더라.
프로젝트 언제 끝날까?
그건 몰랐네.
치킨 땡긴다.
양념치킨 어때?
여름 휴가 어디 갈 거야?
바다 가고 싶어.
점심 뭐 먹을래?
나는 치킨.
오늘 회의 힘들었지?
내일 더 바빠질듯.
저녁 메뉴 추천해줘.
헐 진짜?
최근에 본 영화 중 추천할 만한 거 있어?
액션 영화는 Labore 영화가 최고.
퇴근하고 연락할게."
106,일반 대화,"치킨 땡긴다.
헐 진짜?
점심 뭐 먹을래?
그렇게 들리네.
업무 너무 많다.
이야, 놀랍다.
프로젝트 언제 끝날까?
주말에 좀 해야겠어.
비 많이 올 것 같지 않아?
그러네, 아침에도 흐렸어.
치킨 땡긴다.
피자도 괜찮잖아.
어제 본 영화 진짜 재밌었어.
와 대박
오늘 날씨 진짜 좋다.
음… 글쎄.
치킨 땡긴다.
피자도 괜찮잖아.
퇴근하고 연락할게."
107,일반 대화,"오늘 회의 힘들었지?
그래도 끝나서 다행.
저녁 메뉴 추천해줘.
나도 그렇게 생각했어.
여름 휴가 어디 갈 거야?
산으로 가고 싶네.
여름 휴가 어디 갈 거야?
나도 그렇게 생각했어.
저녁 메뉴 추천해줘.
집밥이 최고야.
오늘 회의 힘들었지?
내일 더 바빠질듯.
업무 너무 많다.
나도 그래.
오늘 날씨 진짜 좋다.
내일은 더 춥대.
주말에 또 얘기하자."
108,일반 대화,"점심 뭐 먹을래?
그건 몰랐네.
오늘 날씨 진짜 좋다.
맞아 덥더라.
최신 영화 뭐가 좋대?
로맨스도 괜찮지.
점심 뭐 먹을래?
그건 몰랐네.
어제 비 때문에 힘들었어.
다음엔 우산 꼭 챙겨.
오늘 회의 힘들었지?
오 그렇구나.
오늘 날씨 진짜 좋다.
햇볕이 따뜻하네.
조심히 들어가!"
109,일반 대화,"저녁 메뉴 추천해줘.
집밥이 최고야.
오늘 날씨 진짜 좋다.
이야, 놀랍다.
해외여행 가고 싶다.
동남아 어때?
업무 너무 많다.
같이 해결하자.
지난 여행 기억나?
사진 다시 봐야겠다.
최근에 본 영화 중 추천할 만한 거 있어?
액션 영화는 Quas 영화가 최고.
오늘 회의 힘들었지?
그래도 끝나서 다행.
업무 너무 많다.
같이 해결하자.
업무 너무 많다.
휴가 내보는 게 어때?
조심히 들어가!"
110,일반 대화,"점심 뭐 먹을래?
나도 그렇게 생각했어.
해외여행 가고 싶다.
유럽도 좋지.
여름 휴가 어디 갈 거야?
산으로 가고 싶네.
해외여행 가고 싶다.
맞아, 일본 가고 싶어.
업무 너무 많다.
나도 그래.
해외여행 가고 싶다.
그렇게 들리네.
비 많이 올 것 같지 않아?
응, 우산 챙겨야겠다.
조심히 들어가!"
111,일반 대화,"어제 본 영화 진짜 재밌었어.
나도 보려고 했는데!
해외여행 가고 싶다.
유럽도 좋지.
여름 휴가 어디 갈 거야?
진천군 갈까 생각 중이야.
저녁 메뉴 추천해줘.
짜장면 어때?
저녁 메뉴 추천해줘.
집밥이 최고야.
최신 영화 뭐가 좋대?
로맨스도 괜찮지.
최신 영화 뭐가 좋대?
로맨스도 괜찮지.
최신 영화 뭐가 좋대?
SF가 인기야.
그럼 내일 보자."
112,일반 대화,"오늘 날씨 진짜 좋다.
좋네!
치킨 땡긴다.
피자도 괜찮잖아.
오늘 날씨 진짜 좋다.
와 대박
여름 휴가 어디 갈 거야?
와 대박
Ducimus 영화 재밌어 보이네.
정말? 나도 보고 싶다.
업무 너무 많다.
같이 해결하자.
지난 여행 기억나?
사진 다시 봐야겠다.
여름 휴가 어디 갈 거야?
그렇게 들리네.
조심히 들어가!"
113,일반 대화,"Ducimus 영화 재밌어 보이네.
정말? 나도 보고 싶다.
지난 여행 기억나?
사진 다시 봐야겠다.
여름 휴가 어디 갈 거야?
산으로 가고 싶네.
업무 너무 많다.
헐 진짜?
오늘 날씨 진짜 좋다.
오 그렇구나.
주말에 영화 보러 갈래?
코미디 어때?
점심 뭐 먹을래?
재밌네.
주말에 또 얘기하자."
114,일반 대화,"여름 휴가 어디 갈 거야?
그렇게 들리네.
점심 뭐 먹을래?
라면 땡겨.
비 많이 올 것 같지 않아?
그러네, 아침에도 흐렸어.
비 많이 올 것 같지 않아?
주말엔 맑다더라.
오늘 회의 힘들었지?
내일 더 바빠질듯.
최근에 본 영화 중 추천할 만한 거 있어?
액션 영화는 Ipsa 영화가 최고.
오늘은 여기까지 하자."
115,일반 대화,"프로젝트 언제 끝날까?
아마 다음 달쯤?
해외여행 가고 싶다.
맞아, 일본 가고 싶어.
오늘 날씨 진짜 좋다.
내일은 더 춥대.
저녁 메뉴 추천해줘.
집밥이 최고야.
최신 영화 뭐가 좋대?
음… 글쎄.
어제 비 때문에 힘들었어.
오 그렇구나.
Ducimus 영화 재밌어 보이네.
같이 보자!
오늘은 여기까지 하자."
116,일반 대화,"점심 뭐 먹을래?
라면 땡겨.
저녁 메뉴 추천해줘.
음… 글쎄.
최근에 본 영화 중 추천할 만한 거 있어?
액션 영화는 Sapiente 영화가 최고.
여름 휴가 어디 갈 거야?
연천군 갈까 생각 중이야.
비 많이 올 것 같지 않아?
재밌네.
업무 너무 많다.
같이 해결하자.
조심히 들어가!"
117,일반 대화,"주말에 영화 보러 갈래?
좋아, 무슨 영화 볼까?
프로젝트 언제 끝날까?
음… 글쎄.
프로젝트 언제 끝날까?
팀장한테 물어봐야겠네.
주말에 영화 보러 갈래?
코미디 어때?
업무 너무 많다.
휴가 내보는 게 어때?
오늘 날씨 진짜 좋다.
그렇게 들리네.
주말에 또 얘기하자."
118,일반 대화,"최신 영화 뭐가 좋대?
이야, 놀랍다.
오늘 회의 힘들었지?
내일 더 바빠질듯.
프로젝트 언제 끝날까?
생각보다 오래 걸릴 듯.
어제 비 때문에 힘들었어.
그래서 늦었지?
프로젝트 언제 끝날까?
아마 다음 달쯤?
업무 너무 많다.
나도 그래.
비 많이 올 것 같지 않아?
응, 우산 챙겨야겠다.
업무 너무 많다.
나도 그래.
주말에 또 얘기하자."
119,일반 대화,"오늘 날씨 진짜 좋다.
그렇게 들리네.
지난 여행 기억나?
사진 다시 봐야겠다.
저녁 메뉴 추천해줘.
그건 몰랐네.
어제 비 때문에 힘들었어.
그래서 늦었지?
오늘 날씨 진짜 좋다.
그건 몰랐네.
해외여행 가고 싶다.
맞아, 일본 가고 싶어.
주말에 또 얘기하자."
120,일반 대화,"어제 비 때문에 힘들었어.
다음엔 우산 꼭 챙겨.
어제 본 영화 진짜 재밌었어.
정말?
어제 본 영화 진짜 재밌었어.
나도 보려고 했는데!
주말에 영화 보러 갈래?
난 액션 보고 싶어.
여름 휴가 어디 갈 거야?
바다 가고 싶어.
비 많이 올 것 같지 않아?
그러네, 아침에도 흐렸어.
조심히 들어가!"
121,일반 대화,"오늘 회의 힘들었지?
그건 몰랐네.
지난 여행 기억나?
재밌었지.
지난 여행 기억나?
재밌었지.
점심 뭐 먹을래?
재밌네.
지난 여행 기억나?
재밌었지.
오늘 날씨 진짜 좋다.
햇볕이 따뜻하네.
오늘은 여기까지 하자."
122,일반 대화,"어제 본 영화 진짜 재밌었어.
난 별로였어.
치킨 땡긴다.
나도 치킨 좋아해.
점심 뭐 먹을래?
음… 글쎄.
지난 여행 기억나?
나도 그렇게 생각했어.
해외여행 가고 싶다.
그건 몰랐네.
저녁 메뉴 추천해줘.
재밌네.
잘 가!"
123,일반 대화,"최신 영화 뭐가 좋대?
로맨스도 괜찮지.
최근에 본 영화 중 추천할 만한 거 있어?
정말?
치킨 땡긴다.
나도 치킨 좋아해.
Ducimus 영화 재밌어 보이네.
장르가 뭔데?
어제 본 영화 진짜 재밌었어.
이야, 놀랍다.
치킨 땡긴다.
어제도 먹었는데 또?
점심 뭐 먹을래?
헐 진짜?
업무 너무 많다.
음… 글쎄.
그럼 내일 보자."
124,일반 대화,"여름 휴가 어디 갈 거야?
바다 가고 싶어.
지난 여행 기억나?
재밌었지.
지난 여행 기억나?
재밌었지.
프로젝트 언제 끝날까?
아마 다음 달쯤?
비 많이 올 것 같지 않아?
주말엔 맑다더라.
점심 뭐 먹을래?
나는 치킨.
어제 비 때문에 힘들었어.
그렇게 들리네.
최신 영화 뭐가 좋대?
정말?
퇴근하고 연락할게."
125,일반 대화,"최근에 본 영화 중 추천할 만한 거 있어?
Animi 영화 좋았어.
저녁 메뉴 추천해줘.
짜장면 어때?
어제 비 때문에 힘들었어.
그래서 늦었지?
점심 뭐 먹을래?
나도 그렇게 생각했어.
업무 너무 많다.
같이 해결하자.
저녁 메뉴 추천해줘.
그건 몰랐네.
저녁 메뉴 추천해줘.
불고기 어떠신가요?
비 많이 올 것 같지 않아?
응, 우산 챙겨야겠다.
퇴근하고 연락할게."
126,일반 대화,"어제 비 때문에 힘들었어.
재밌네.
해외여행 가고 싶다.
유럽도 좋지.
오늘 날씨 진짜 좋다.
맞아 덥더라.
저녁 메뉴 추천해줘.
짜장면 어때?
해외여행 가고 싶다.
유럽도 좋지.
저녁 메뉴 추천해줘.
집밥이 최고야.
주말에 또 얘기하자."
127,일반 대화,"어제 본 영화 진짜 재밌었어.
추천해줄까?
점심 뭐 먹을래?
라면 땡겨.
여름 휴가 어디 갈 거야?
정말?
지난 여행 기억나?
사진 다시 봐야겠다.
지난 여행 기억나?
다음엔 더 가고 싶어.
치킨 땡긴다.
양념치킨 어때?
주말에 또 얘기하자."
128,일반 대화,"저녁 메뉴 추천해줘.
짜장면 어때?
여름 휴가 어디 갈 거야?
아직 못 정했어.
비 많이 올 것 같지 않아?
주말엔 맑다더라.
오늘 날씨 진짜 좋다.
나도 그렇게 생각했어.
치킨 땡긴다.
와 대박
점심 뭐 먹을래?
라면 땡겨.
오늘 회의 힘들었지?
응 진짜 길더라.
오늘 회의 힘들었지?
그래도 끝나서 다행.
오늘은 여기까지 하자."
129,일반 대화,"비 많이 올 것 같지 않아?
오 그렇구나.
지난 여행 기억나?
재밌었지.
오늘 날씨 진짜 좋다.
그러게, 산책하기 딱 좋네.
어제 비 때문에 힘들었어.
그렇게 들리네.
주말에 영화 보러 갈래?
코미디 어때?
여름 휴가 어디 갈 거야?
바다 가고 싶어.
오늘은 여기까지 하자."
130,일반 대화,"저녁 메뉴 추천해줘.
불고기 어떠신가요?
주말에 영화 보러 갈래?
코미디 어때?
어제 비 때문에 힘들었어.
나도 젖었어.
오늘 회의 힘들었지?
응 진짜 길더라.
Ducimus 영화 재밌어 보이네.
이야, 놀랍다.
여름 휴가 어디 갈 거야?
재밌네.
치킨 땡긴다.
나도 치킨 좋아해.
치킨 땡긴다.
헐 진짜?
주말에 또 얘기하자."
131,일반 대화,"어제 비 때문에 힘들었어.
다음엔 우산 꼭 챙겨.
어제 비 때문에 힘들었어.
나도 젖었어.
최신 영화 뭐가 좋대?
헐 진짜?
최근에 본 영화 중 추천할 만한 거 있어?
정말?
오늘 회의 힘들었지?
이야, 놀랍다.
점심 뭐 먹을래?
김밥 어때?
오늘 날씨 진짜 좋다.
음… 글쎄.
오늘 회의 힘들었지?
내일 더 바빠질듯.
퇴근하고 연락할게."
132,일반 대화,"오늘 날씨 진짜 좋다.
나도 그렇게 생각했어.
치킨 땡긴다.
어제도 먹었는데 또?
해외여행 가고 싶다.
돈만 있으면 당장 가지.
오늘 회의 힘들었지?
그래도 끝나서 다행.
업무 너무 많다.
정말?
주말에 영화 보러 갈래?
음… 글쎄.
저녁 메뉴 추천해줘.
짜장면 어때?
치킨 땡긴다.
나도 치킨 좋아해.
그럼 내일 보자."
133,일반 대화,"오늘 날씨 진짜 좋다.
내일은 더 춥대.
비 많이 올 것 같지 않아?
헐 진짜?
점심 뭐 먹을래?
김밥 어때?
여름 휴가 어디 갈 거야?
재밌네.
어제 비 때문에 힘들었어.
그래서 늦었지?
치킨 땡긴다.
피자도 괜찮잖아.
비 많이 올 것 같지 않아?
그러네, 아침에도 흐렸어.
점심 뭐 먹을래?
좋네!
지난 여행 기억나?
재밌었지.
그럼 내일 보자."
134,일반 대화,"Ducimus 영화 재밌어 보이네.
같이 보자!
저녁 메뉴 추천해줘.
집밥이 최고야.
최근에 본 영화 중 추천할 만한 거 있어?
코미디로 Porro 영화 어때?
비 많이 올 것 같지 않아?
주말엔 맑다더라.
해외여행 가고 싶다.
그렇게 들리네.
Ducimus 영화 재밌어 보이네.
같이 보자!
퇴근하고 연락할게."
135,일반 대화,"점심 뭐 먹을래?
라면 땡겨.
최근에 본 영화 중 추천할 만한 거 있어?
액션 영화는 Veniam 영화가 최고.
저녁 메뉴 추천해줘.
집밥이 최고야.
저녁 메뉴 추천해줘.
집밥이 최고야.
오늘 회의 힘들었지?
그래도 끝나서 다행.
저녁 메뉴 추천해줘.
불고기 어떠신가요?
치킨 땡긴다.
양념치킨 어때?
어제 본 영화 진짜 재밌었어.
나도 보려고 했는데!
오늘은 여기까지 하자."
136,일반 대화,"여름 휴가 어디 갈 거야?
바다 가고 싶어.
오늘 회의 힘들었지?
그래도 끝나서 다행.
저녁 메뉴 추천해줘.
나도 그렇게 생각했어.
Ducimus 영화 재밌어 보이네.
그건 몰랐네.
오늘 날씨 진짜 좋다.
재밌네.
어제 본 영화 진짜 재밌었어.
추천해줄까?
프로젝트 언제 끝날까?
좋네!
잘 가!"
137,일반 대화,"비 많이 올 것 같지 않아?
비 올 때 집에서 쉴까?
오늘 날씨 진짜 좋다.
이야, 놀랍다.
오늘 회의 힘들었지?
나 졸릴 뻔했어.
여름 휴가 어디 갈 거야?
바다 가고 싶어.
저녁 메뉴 추천해줘.
와 대박
해외여행 가고 싶다.
헐 진짜?
주말에 영화 보러 갈래?
코미디 어때?
오늘 날씨 진짜 좋다.
음… 글쎄.
오늘 회의 힘들었지?
응 진짜 길더라.
그럼 내일 보자."
138,일반 대화,"어제 본 영화 진짜 재밌었어.
난 별로였어.
어제 본 영화 진짜 재밌었어.
추천해줄까?
지난 여행 기억나?
재밌었지.
Ducimus 영화 재밌어 보이네.
정말? 나도 보고 싶다.
최근에 본 영화 중 추천할 만한 거 있어?
그렇게 들리네.
업무 너무 많다.
휴가 내보는 게 어때?
치킨 땡긴다.
그건 몰랐네.
해외여행 가고 싶다.
돈만 있으면 당장 가지.
주말에 또 얘기하자."
139,일반 대화,"오늘 날씨 진짜 좋다.
맞아 덥더라.
점심 뭐 먹을래?
분식 어때?
해외여행 가고 싶다.
맞아, 일본 가고 싶어.
어제 비 때문에 힘들었어.
그래서 늦었지?
해외여행 가고 싶다.
돈만 있으면 당장 가지.
최신 영화 뭐가 좋대?
로맨스도 괜찮지.
오늘 회의 힘들었지?
나 졸릴 뻔했어.
잘 가!"
140,일반 대화,"프로젝트 언제 끝날까?
팀장한테 물어봐야겠네.
저녁 메뉴 추천해줘.
불고기 어떠신가요?
Ducimus 영화 재밌어 보이네.
같이 보자!
오늘 회의 힘들었지?
내일 더 바빠질듯.
점심 뭐 먹을래?
음… 글쎄.
오늘 회의 힘들었지?
나 졸릴 뻔했어.
어제 비 때문에 힘들었어.
그렇게 들리네.
그럼 내일 보자."
141,일반 대화,"비 많이 올 것 같지 않아?
그러네, 아침에도 흐렸어.
비 많이 올 것 같지 않아?
비 올 때 집에서 쉴까?
최근에 본 영화 중 추천할 만한 거 있어?
나도 그렇게 생각했어.
여름 휴가 어디 갈 거야?
아직 못 정했어.
해외여행 가고 싶다.
동남아 어때?
지난 여행 기억나?
다음엔 더 가고 싶어.
여름 휴가 어디 갈 거야?
수원시 장안구 갈까 생각 중이야.
주말에 또 얘기하자."
142,일반 대화,"비 많이 올 것 같지 않아?
정말?
해외여행 가고 싶다.
헐 진짜?
비 많이 올 것 같지 않아?
응, 우산 챙겨야겠다.
최신 영화 뭐가 좋대?
리뷰 확인해봐.
오늘 날씨 진짜 좋다.
햇볕이 따뜻하네.
비 많이 올 것 같지 않아?
비 올 때 집에서 쉴까?
해외여행 가고 싶다.
유럽도 좋지.
지난 여행 기억나?
사진 다시 봐야겠다.
주말에 또 얘기하자."
143,일반 대화,"치킨 땡긴다.
양념치킨 어때?
어제 비 때문에 힘들었어.
그래서 늦었지?
오늘 날씨 진짜 좋다.
맞아 덥더라.
여름 휴가 어디 갈 거야?
동두천시 갈까 생각 중이야.
오늘 회의 힘들었지?
내일 더 바빠질듯.
저녁 메뉴 추천해줘.
헐 진짜?
Ducimus 영화 재밌어 보이네.
정말? 나도 보고 싶다.
업무 너무 많다.
나도 그래.
저녁 메뉴 추천해줘.
짜장면 어때?
그럼 내일 보자."
144,일반 대화,"주말에 영화 보러 갈래?
음… 글쎄.
여름 휴가 어디 갈 거야?
아산시 갈까 생각 중이야.
오늘 회의 힘들었지?
오 그렇구나.
해외여행 가고 싶다.
맞아, 일본 가고 싶어.
오늘 회의 힘들었지?
와 대박
비 많이 올 것 같지 않아?
비 올 때 집에서 쉴까?
저녁 메뉴 추천해줘.
집밥이 최고야.
최근에 본 영화 중 추천할 만한 거 있어?
Eaque 영화 좋았어.
주말에 또 얘기하자."
145,일반 대화,"여름 휴가 어디 갈 거야?
구리시 갈까 생각 중이야.
비 많이 올 것 같지 않아?
응, 우산 챙겨야겠다.
여름 휴가 어디 갈 거야?
산으로 가고 싶네.
저녁 메뉴 추천해줘.
짜장면 어때?
여름 휴가 어디 갈 거야?
오 그렇구나.
비 많이 올 것 같지 않아?
주말엔 맑다더라.
그럼 내일 보자."
146,일반 대화,"Ducimus 영화 재밌어 보이네.
장르가 뭔데?
주말에 영화 보러 갈래?
좋네!
업무 너무 많다.
나도 그래.
비 많이 올 것 같지 않아?
주말엔 맑다더라.
오늘 회의 힘들었지?
나도 그렇게 생각했어.
프로젝트 언제 끝날까?
팀장한테 물어봐야겠네.
오늘 날씨 진짜 좋다.
그렇게 들리네.
주말에 또 얘기하자."
147,일반 대화,"업무 너무 많다.
나도 그래.
프로젝트 언제 끝날까?
아마 다음 달쯤?
점심 뭐 먹을래?
라면 땡겨.
업무 너무 많다.
같이 해결하자.
오늘 날씨 진짜 좋다.
맞아 덥더라.
지난 여행 기억나?
다음엔 더 가고 싶어.
어제 비 때문에 힘들었어.
다음엔 우산 꼭 챙겨.
퇴근하고 연락할게."
148,일반 대화,"프로젝트 언제 끝날까?
주말에 좀 해야겠어.
비 많이 올 것 같지 않아?
주말엔 맑다더라.
저녁 메뉴 추천해줘.
짜장면 어때?
어제 비 때문에 힘들었어.
나도 젖었어.
어제 비 때문에 힘들었어.
그래서 늦었지?
지난 여행 기억나?
재밌었지.
그럼 내일 보자."
149,일반 대화,"지난 여행 기억나?
다음엔 더 가고 싶어.
어제 비 때문에 힘들었어.
다음엔 우산 꼭 챙겨.
여름 휴가 어디 갈 거야?
아직 못 정했어.
최신 영화 뭐가 좋대?
SF가 인기야.
치킨 땡긴다.
피자도 괜찮잖아.
점심 뭐 먹을래?
좋네!
해외여행 가고 싶다.
그렇게 들리네.
조심히 들어가!"
150,일반 대화,"업무 너무 많다.
나도 그래.
점심 뭐 먹을래?
분식 어때?
지난 여행 기억나?
다음엔 더 가고 싶어.
점심 뭐 먹을래?
오 그렇구나.
지난 여행 기억나?
재밌었지.
프로젝트 언제 끝날까?
아마 다음 달쯤?
주말에 또 얘기하자."
151,일반 대화,"해외여행 가고 싶다.
맞아, 일본 가고 싶어.
비 많이 올 것 같지 않아?
주말엔 맑다더라.
여름 휴가 어디 갈 거야?
산으로 가고 싶네.
주말에 영화 보러 갈래?
시간 맞으면 보자.
오늘 날씨 진짜 좋다.
그러게, 산책하기 딱 좋네.
지난 여행 기억나?
재밌었지.
지난 여행 기억나?
오 그렇구나.
그럼 내일 보자."
152,일반 대화,"지난 여행 기억나?
그건 몰랐네.
저녁 메뉴 추천해줘.
짜장면 어때?
지난 여행 기억나?
재밌었지.
프로젝트 언제 끝날까?
주말에 좀 해야겠어.
주말에 영화 보러 갈래?
코미디 어때?
Ducimus 영화 재밌어 보이네.
같이 보자!
점심 뭐 먹을래?
분식 어때?
지난 여행 기억나?
사진 다시 봐야겠다.
퇴근하고 연락할게."
153,일반 대화,"점심 뭐 먹을래?
김밥 어때?
오늘 회의 힘들었지?
그래도 끝나서 다행.
업무 너무 많다.
같이 해결하자.
오늘 회의 힘들었지?
내일 더 바빠질듯.
치킨 땡긴다.
음… 글쎄.
해외여행 가고 싶다.
유럽도 좋지.
지난 여행 기억나?
사진 다시 봐야겠다.
치킨 땡긴다.
피자도 괜찮잖아.
잘 가!"
154,일반 대화,"업무 너무 많다.
휴가 내보는 게 어때?
어제 비 때문에 힘들었어.
다음엔 우산 꼭 챙겨.
오늘 날씨 진짜 좋다.
이야, 놀랍다.
치킨 땡긴다.
재밌네.
Ducimus 영화 재밌어 보이네.
오 그렇구나.
해외여행 가고 싶다.
유럽도 좋지.
그럼 내일 보자."
155,일반 대화,"어제 본 영화 진짜 재밌었어.
추천해줄까?
프로젝트 언제 끝날까?
헐 진짜?
어제 비 때문에 힘들었어.
와 대박
치킨 땡긴다.
피자도 괜찮잖아.
비 많이 올 것 같지 않아?
그러네, 아침에도 흐렸어.
최신 영화 뭐가 좋대?
음… 글쎄.
업무 너무 많다.
나도 그래.
최근에 본 영화 중 추천할 만한 거 있어?
그건 몰랐네.
해외여행 가고 싶다.
동남아 어때?
잘 가!"
156,일반 대화,"저녁 메뉴 추천해줘.
집밥이 최고야.
최근에 본 영화 중 추천할 만한 거 있어?
좋네!
지난 여행 기억나?
다음엔 더 가고 싶어.
점심 뭐 먹을래?
분식 어때?
여름 휴가 어디 갈 거야?
여주시 갈까 생각 중이야.
업무 너무 많다.
휴가 내보는 게 어때?
업무 너무 많다.
그렇게 들리네.
어제 본 영화 진짜 재밌었어.
추천해줄까?
잘 가!"
157,일반 대화,"최근에 본 영화 중 추천할 만한 거 있어?
Magni 영화 좋았어.
어제 본 영화 진짜 재밌었어.
그건 몰랐네.
최근에 본 영화 중 추천할 만한 거 있어?
코미디로 Dolor 영화 어때?
오늘 회의 힘들었지?
응 진짜 길더라.
여름 휴가 어디 갈 거야?
그렇게 들리네.
Ducimus 영화 재밌어 보이네.
같이 보자!
해외여행 가고 싶다.
맞아, 일본 가고 싶어.
Ducimus 영화 재밌어 보이네.
장르가 뭔데?
오늘은 여기까지 하자."
158,일반 대화,"업무 너무 많다.
좋네!
오늘 회의 힘들었지?
나도 그렇게 생각했어.
치킨 땡긴다.
그건 몰랐네.
오늘 날씨 진짜 좋다.
그러게, 산책하기 딱 좋네.
지난 여행 기억나?
재밌었지.
비 많이 올 것 같지 않아?
비 올 때 집에서 쉴까?
어제 본 영화 진짜 재밌었어.
좋네!
해외여행 가고 싶다.
동남아 어때?
주말에 또 얘기하자."
159,일반 대화,"치킨 땡긴다.
나도 치킨 좋아해.
업무 너무 많다.
같이 해결하자.
Ducimus 영화 재밌어 보이네.
정말?
오늘 회의 힘들었지?
나 졸릴 뻔했어.
여름 휴가 어디 갈 거야?
아직 못 정했어.
어제 본 영화 진짜 재밌었어.
와 대박
어제 비 때문에 힘들었어.
정말?
잘 가!"
160,일반 대화,"업무 너무 많다.
와 대박
주말에 영화 보러 갈래?
코미디 어때?
저녁 메뉴 추천해줘.
불고기 어떠신가요?
업무 너무 많다.
그렇게 들리네.
치킨 땡긴다.
그렇게 들리네.
최근에 본 영화 중 추천할 만한 거 있어?
정말?
최근에 본 영화 중 추천할 만한 거 있어?
Culpa 영화 좋았어.
여름 휴가 어디 갈 거야?
바다 가고 싶어.
주말에 또 얘기하자."
161,일반 대화,"점심 뭐 먹을래?
김밥 어때?
어제 비 때문에 힘들었어.
그래서 늦었지?
해외여행 가고 싶다.
맞아, 일본 가고 싶어.
여름 휴가 어디 갈 거야?
아직 못 정했어.
치킨 땡긴다.
피자도 괜찮잖아.
점심 뭐 먹을래?
나는 치킨.
치킨 땡긴다.
좋네!
주말에 또 얘기하자."
162,일반 대화,"해외여행 가고 싶다.
오 그렇구나.
주말에 영화 보러 갈래?
코미디 어때?
비 많이 올 것 같지 않아?
주말엔 맑다더라.
저녁 메뉴 추천해줘.
이야, 놀랍다.
지난 여행 기억나?
좋네!
저녁 메뉴 추천해줘.
집밥이 최고야.
주말에 영화 보러 갈래?
시간 맞으면 보자.
치킨 땡긴다.
나도 그렇게 생각했어.
잘 가!"
163,일반 대화,"치킨 땡긴다.
오 그렇구나.
저녁 메뉴 추천해줘.
불고기 어떠신가요?
해외여행 가고 싶다.
재밌네.
저녁 메뉴 추천해줘.
불고기 어떠신가요?
지난 여행 기억나?
나도 그렇게 생각했어.
비 많이 올 것 같지 않아?
좋네!
해외여행 가고 싶다.
돈만 있으면 당장 가지.
점심 뭐 먹을래?
와 대박
퇴근하고 연락할게."
164,일반 대화,"프로젝트 언제 끝날까?
팀장한테 물어봐야겠네.
주말에 영화 보러 갈래?
오 그렇구나.
주말에 영화 보러 갈래?
시간 맞으면 보자.
어제 비 때문에 힘들었어.
다음엔 우산 꼭 챙겨.
오늘 회의 힘들었지?
나 졸릴 뻔했어.
점심 뭐 먹을래?
분식 어때?
오늘은 여기까지 하자."
165,일반 대화,"해외여행 가고 싶다.
좋네!
비 많이 올 것 같지 않아?
그러네, 아침에도 흐렸어.
해외여행 가고 싶다.
동남아 어때?
프로젝트 언제 끝날까?
재밌네.
프로젝트 언제 끝날까?
정말?
오늘 회의 힘들었지?
내일 더 바빠질듯.
그럼 내일 보자."
166,일반 대화,"오늘 날씨 진짜 좋다.
그러게, 산책하기 딱 좋네.
비 많이 올 것 같지 않아?
그러네, 아침에도 흐렸어.
지난 여행 기억나?
이야, 놀랍다.
업무 너무 많다.
휴가 내보는 게 어때?
Ducimus 영화 재밌어 보이네.
좋네!
저녁 메뉴 추천해줘.
짜장면 어때?
점심 뭐 먹을래?
김밥 어때?
업무 너무 많다.
같이 해결하자.
업무 너무 많다.
같이 해결하자.
오늘은 여기까지 하자."
167,일반 대화,"여름 휴가 어디 갈 거야?
바다 가고 싶어.
점심 뭐 먹을래?
나는 치킨.
치킨 땡긴다.
와 대박
최신 영화 뭐가 좋대?
SF가 인기야.
주말에 영화 보러 갈래?
좋네!
업무 너무 많다.
이야, 놀랍다.
치킨 땡긴다.
오 그렇구나.
치킨 땡긴다.
나도 치킨 좋아해.
잘 가!"
168,일반 대화,"업무 너무 많다.
같이 해결하자.
최근에 본 영화 중 추천할 만한 거 있어?
Voluptatem 영화 좋았어.
주말에 영화 보러 갈래?
시간 맞으면 보자.
어제 본 영화 진짜 재밌었어.
난 별로였어.
여름 휴가 어디 갈 거야?
아직 못 정했어.
여름 휴가 어디 갈 거야?
아직 못 정했어.
프로젝트 언제 끝날까?
이야, 놀랍다.
퇴근하고 연락할게."
169,일반 대화,"여름 휴가 어디 갈 거야?
그건 몰랐네.
오늘 회의 힘들었지?
그건 몰랐네.
오늘 날씨 진짜 좋다.
햇볕이 따뜻하네.
여름 휴가 어디 갈 거야?
산으로 가고 싶네.
오늘 회의 힘들었지?
내일 더 바빠질듯.
프로젝트 언제 끝날까?
생각보다 오래 걸릴 듯.
비 많이 올 것 같지 않아?
음… 글쎄.
주말에 영화 보러 갈래?
좋아, 무슨 영화 볼까?
프로젝트 언제 끝날까?
아마 다음 달쯤?
잘 가!"
170,일반 대화,"저녁 메뉴 추천해줘.
그건 몰랐네.
저녁 메뉴 추천해줘.
집밥이 최고야.
어제 비 때문에 힘들었어.
좋네!
오늘 회의 힘들었지?
와 대박
저녁 메뉴 추천해줘.
집밥이 최고야.
점심 뭐 먹을래?
김밥 어때?
그럼 내일 보자."
171,일반 대화,"오늘 날씨 진짜 좋다.
헐 진짜?
여름 휴가 어디 갈 거야?
산으로 가고 싶네.
오늘 날씨 진짜 좋다.
맞아 덥더라.
프로젝트 언제 끝날까?
주말에 좀 해야겠어.
치킨 땡긴다.
음… 글쎄.
점심 뭐 먹을래?
분식 어때?
최근에 본 영화 중 추천할 만한 거 있어?
나도 그렇게 생각했어.
오늘은 여기까지 하자."
172,일반 대화,"오늘 날씨 진짜 좋다.
재밌네.
최근에 본 영화 중 추천할 만한 거 있어?
액션 영화는 Optio 영화가 최고.
치킨 땡긴다.
양념치킨 어때?
프로젝트 언제 끝날까?
음… 글쎄.
최신 영화 뭐가 좋대?
로맨스도 괜찮지.
어제 비 때문에 힘들었어.
다음엔 우산 꼭 챙겨.
어제 비 때문에 힘들었어.
재밌네.
최근에 본 영화 중 추천할 만한 거 있어?
액션 영화는 Velit 영화가 최고.
점심 뭐 먹을래?
좋네!
퇴근하고 연락할게."
173,일반 대화,"해외여행 가고 싶다.
동남아 어때?
해외여행 가고 싶다.
정말?
치킨 땡긴다.
어제도 먹었는데 또?
주말에 영화 보러 갈래?
난 액션 보고 싶어.
여름 휴가 어디 갈 거야?
이야, 놀랍다.
저녁 메뉴 추천해줘.
좋네!
주말에 영화 보러 갈래?
그렇게 들리네.
어제 비 때문에 힘들었어.
나도 젖었어.
점심 뭐 먹을래?
분식 어때?
퇴근하고 연락할게."
174,일반 대화,"어제 비 때문에 힘들었어.
이야, 놀랍다.
최신 영화 뭐가 좋대?
이야, 놀랍다.
Ducimus 영화 재밌어 보이네.
장르가 뭔데?
점심 뭐 먹을래?
라면 땡겨.
오늘 날씨 진짜 좋다.
햇볕이 따뜻하네.
어제 비 때문에 힘들었어.
정말?
치킨 땡긴다.
피자도 괜찮잖아.
잘 가!"
175,일반 대화,"비 많이 올 것 같지 않아?
그러네, 아침에도 흐렸어.
어제 비 때문에 힘들었어.
그래서 늦었지?
지난 여행 기억나?
사진 다시 봐야겠다.
저녁 메뉴 추천해줘.
집밥이 최고야.
해외여행 가고 싶다.
와 대박
치킨 땡긴다.
나도 치킨 좋아해.
주말에 또 얘기하자."
176,일반 대화,"오늘 회의 힘들었지?
나 졸릴 뻔했어.
오늘 날씨 진짜 좋다.
햇볕이 따뜻하네.
최신 영화 뭐가 좋대?
그건 몰랐네.
프로젝트 언제 끝날까?
아마 다음 달쯤?
지난 여행 기억나?
오 그렇구나.
해외여행 가고 싶다.
유럽도 좋지.
오늘 날씨 진짜 좋다.
그러게, 산책하기 딱 좋네.
해외여행 가고 싶다.
헐 진짜?
오늘 날씨 진짜 좋다.
맞아 덥더라.
퇴근하고 연락할게."
177,일반 대화,"치킨 땡긴다.
나도 치킨 좋아해.
여름 휴가 어디 갈 거야?
오 그렇구나.
오늘 날씨 진짜 좋다.
그러게, 산책하기 딱 좋네.
주말에 영화 보러 갈래?
난 액션 보고 싶어.
지난 여행 기억나?
이야, 놀랍다.
최신 영화 뭐가 좋대?
와 대박
최신 영화 뭐가 좋대?
로맨스도 괜찮지.
해외여행 가고 싶다.
유럽도 좋지.
주말에 또 얘기하자."
178,일반 대화,"업무 너무 많다.
나도 그래.
어제 본 영화 진짜 재밌었어.
와 대박
여름 휴가 어디 갈 거야?
음… 글쎄.
지난 여행 기억나?
재밌었지.
최근에 본 영화 중 추천할 만한 거 있어?
좋네!
어제 본 영화 진짜 재밌었어.
와 대박
점심 뭐 먹을래?
김밥 어때?
여름 휴가 어디 갈 거야?
산으로 가고 싶네.
조심히 들어가!"
179,일반 대화,"프로젝트 언제 끝날까?
이야, 놀랍다.
어제 비 때문에 힘들었어.
그래서 늦었지?
점심 뭐 먹을래?
김밥 어때?
최신 영화 뭐가 좋대?
SF가 인기야.
오늘 회의 힘들었지?
내일 더 바빠질듯.
최근에 본 영화 중 추천할 만한 거 있어?
액션 영화는 Possimus 영화가 최고.
여름 휴가 어디 갈 거야?
아직 못 정했어.
Ducimus 영화 재밌어 보이네.
장르가 뭔데?
주말에 또 얘기하자."
180,일반 대화,"지난 여행 기억나?
다음엔 더 가고 싶어.
저녁 메뉴 추천해줘.
집밥이 최고야.
저녁 메뉴 추천해줘.
음… 글쎄.
해외여행 가고 싶다.
맞아, 일본 가고 싶어.
여름 휴가 어디 갈 거야?
그건 몰랐네.
해외여행 가고 싶다.
동남아 어때?
그럼 내일 보자."
181,일반 대화,"오늘 날씨 진짜 좋다.
햇볕이 따뜻하네.
오늘 회의 힘들었지?
내일 더 바빠질듯.
오늘 날씨 진짜 좋다.
햇볕이 따뜻하네.
치킨 땡긴다.
나도 치킨 좋아해.
어제 비 때문에 힘들었어.
나도 젖었어.
최신 영화 뭐가 좋대?
이야, 놀랍다.
오늘 회의 힘들었지?
내일 더 바빠질듯.
오늘 날씨 진짜 좋다.
맞아 덥더라.
퇴근하고 연락할게."
182,일반 대화,"주말에 영화 보러 갈래?
난 액션 보고 싶어.
어제 비 때문에 힘들었어.
음… 글쎄.
어제 본 영화 진짜 재밌었어.
오 그렇구나.
최근에 본 영화 중 추천할 만한 거 있어?
이야, 놀랍다.
오늘 날씨 진짜 좋다.
맞아 덥더라.
비 많이 올 것 같지 않아?
나도 그렇게 생각했어.
저녁 메뉴 추천해줘.
집밥이 최고야.
주말에 또 얘기하자."
183,일반 대화,"오늘 날씨 진짜 좋다.
그러게, 산책하기 딱 좋네.
여름 휴가 어디 갈 거야?
그렇게 들리네.
최신 영화 뭐가 좋대?
와 대박
어제 본 영화 진짜 재밌었어.
추천해줄까?
오늘 날씨 진짜 좋다.
내일은 더 춥대.
프로젝트 언제 끝날까?
생각보다 오래 걸릴 듯.
조심히 들어가!"
184,일반 대화,"저녁 메뉴 추천해줘.
음… 글쎄.
오늘 회의 힘들었지?
나도 그렇게 생각했어.
업무 너무 많다.
이야, 놀랍다.
치킨 땡긴다.
양념치킨 어때?
오늘 날씨 진짜 좋다.
내일은 더 춥대.
비 많이 올 것 같지 않아?
주말엔 맑다더라.
지난 여행 기억나?
사진 다시 봐야겠다.
잘 가!"
185,일반 대화,"업무 너무 많다.
헐 진짜?
업무 너무 많다.
같이 해결하자.
오늘 날씨 진짜 좋다.
맞아 덥더라.
지난 여행 기억나?
사진 다시 봐야겠다.
업무 너무 많다.
휴가 내보는 게 어때?
지난 여행 기억나?
사진 다시 봐야겠다.
주말에 영화 보러 갈래?
시간 맞으면 보자.
조심히 들어가!"
186,일반 대화,"프로젝트 언제 끝날까?
주말에 좀 해야겠어.
Ducimus 영화 재밌어 보이네.
좋네!
점심 뭐 먹을래?
라면 땡겨.
프로젝트 언제 끝날까?
아마 다음 달쯤?
어제 본 영화 진짜 재밌었어.
추천해줄까?
오늘 회의 힘들었지?
내일 더 바빠질듯.
지난 여행 기억나?
재밌었지.
그럼 내일 보자."
187,일반 대화,"프로젝트 언제 끝날까?
재밌네.
점심 뭐 먹을래?
나는 치킨.
여름 휴가 어디 갈 거야?
헐 진짜?
어제 본 영화 진짜 재밌었어.
난 별로였어.
프로젝트 언제 끝날까?
아마 다음 달쯤?
Ducimus 영화 재밌어 보이네.
이야, 놀랍다.
프로젝트 언제 끝날까?
주말에 좀 해야겠어.
오늘 날씨 진짜 좋다.
햇볕이 따뜻하네.
잘 가!"
188,일반 대화,"오늘 날씨 진짜 좋다.
맞아 덥더라.
점심 뭐 먹을래?
그렇게 들리네.
오늘 날씨 진짜 좋다.
그러게, 산책하기 딱 좋네.
어제 비 때문에 힘들었어.
좋네!
점심 뭐 먹을래?
라면 땡겨.
치킨 땡긴다.
나도 치킨 좋아해.
프로젝트 언제 끝날까?
팀장한테 물어봐야겠네.
오늘 날씨 진짜 좋다.
좋네!
어제 비 때문에 힘들었어.
재밌네.
잘 가!"
189,일반 대화,"오늘 회의 힘들었지?
그렇게 들리네.
최신 영화 뭐가 좋대?
SF가 인기야.
프로젝트 언제 끝날까?
주말에 좀 해야겠어.
지난 여행 기억나?
사진 다시 봐야겠다.
오늘 날씨 진짜 좋다.
그러게, 산책하기 딱 좋네.
여름 휴가 어디 갈 거야?
재밌네.
주말에 또 얘기하자."
190,일반 대화,"지난 여행 기억나?
그건 몰랐네.
오늘 회의 힘들었지?
재밌네.
프로젝트 언제 끝날까?
주말에 좀 해야겠어.
여름 휴가 어디 갈 거야?
아직 못 정했어.
업무 너무 많다.
같이 해결하자.
치킨 땡긴다.
어제도 먹었는데 또?
오늘 날씨 진짜 좋다.
내일은 더 춥대.
오늘은 여기까지 하자."
191,일반 대화,"업무 너무 많다.
휴가 내보는 게 어때?
여름 휴가 어디 갈 거야?
좋네!
점심 뭐 먹을래?
나는 치킨.
점심 뭐 먹을래?
라면 땡겨.
비 많이 올 것 같지 않아?
비 올 때 집에서 쉴까?
주말에 영화 보러 갈래?
코미디 어때?
업무 너무 많다.
같이 해결하자.
어제 비 때문에 힘들었어.
나도 젖었어.
퇴근하고 연락할게."
192,일반 대화,"지난 여행 기억나?
사진 다시 봐야겠다.
최근에 본 영화 중 추천할 만한 거 있어?
와 대박
어제 본 영화 진짜 재밌었어.
뭐 봤는데?
지난 여행 기억나?
사진 다시 봐야겠다.
저녁 메뉴 추천해줘.
불고기 어떠신가요?
오늘 날씨 진짜 좋다.
그러게, 산책하기 딱 좋네.
잘 가!"
193,일반 대화,"프로젝트 언제 끝날까?
그건 몰랐네.
오늘 회의 힘들었지?
응 진짜 길더라.
지난 여행 기억나?
다음엔 더 가고 싶어.
비 많이 올 것 같지 않아?
정말?
오늘 날씨 진짜 좋다.
내일은 더 춥대.
치킨 땡긴다.
그렇게 들리네.
업무 너무 많다.
와 대박
해외여행 가고 싶다.
재밌네.
프로젝트 언제 끝날까?
생각보다 오래 걸릴 듯.
그럼 내일 보자."
194,일반 대화,"지난 여행 기억나?
다음엔 더 가고 싶어.
점심 뭐 먹을래?
라면 땡겨.
점심 뭐 먹을래?
오 그렇구나.
업무 너무 많다.
같이 해결하자.
업무 너무 많다.
그건 몰랐네.
치킨 땡긴다.
양념치킨 어때?
최신 영화 뭐가 좋대?
와 대박
프로젝트 언제 끝날까?
생각보다 오래 걸릴 듯.
조심히 들어가!"
195,일반 대화,"최신 영화 뭐가 좋대?
로맨스도 괜찮지.
최신 영화 뭐가 좋대?
SF가 인기야.
여름 휴가 어디 갈 거야?
아직 못 정했어.
주말에 영화 보러 갈래?
시간 맞으면 보자.
어제 본 영화 진짜 재밌었어.
뭐 봤는데?
저녁 메뉴 추천해줘.
짜장면 어때?
저녁 메뉴 추천해줘.
집밥이 최고야.
조심히 들어가!"
196,일반 대화,"어제 본 영화 진짜 재밌었어.
나도 보려고 했는데!
점심 뭐 먹을래?
분식 어때?
지난 여행 기억나?
재밌었지.
최근에 본 영화 중 추천할 만한 거 있어?
액션 영화는 Ipsum 영화가 최고.
지난 여행 기억나?
재밌었지.
비 많이 올 것 같지 않아?
비 올 때 집에서 쉴까?
프로젝트 언제 끝날까?
생각보다 오래 걸릴 듯.
그럼 내일 보자."
197,일반 대화,"프로젝트 언제 끝날까?
그렇게 들리네.
Ducimus 영화 재밌어 보이네.
오 그렇구나.
치킨 땡긴다.
오 그렇구나.
최신 영화 뭐가 좋대?
로맨스도 괜찮지.
최신 영화 뭐가 좋대?
오 그렇구나.
저녁 메뉴 추천해줘.
짜장면 어때?
치킨 땡긴다.
이야, 놀랍다.
어제 비 때문에 힘들었어.
다음엔 우산 꼭 챙겨.
퇴근하고 연락할게."
198,일반 대화,"오늘 날씨 진짜 좋다.
맞아 덥더라.
저녁 메뉴 추천해줘.
이야, 놀랍다.
어제 비 때문에 힘들었어.
헐 진짜?
오늘 날씨 진짜 좋다.
맞아 덥더라.
점심 뭐 먹을래?
라면 땡겨.
오늘 회의 힘들었지?
내일 더 바빠질듯.
업무 너무 많다.
정말?
해외여행 가고 싶다.
동남아 어때?
잘 가!"
199,일반 대화,"업무 너무 많다.
휴가 내보는 게 어때?
치킨 땡긴다.
나도 치킨 좋아해.
최신 영화 뭐가 좋대?
나도 그렇게 생각했어.
여름 휴가 어디 갈 거야?
아직 못 정했어.
저녁 메뉴 추천해줘.
짜장면 어때?
어제 비 때문에 힘들었어.
그래서 늦었지?
그럼 내일 보자."
200,일반 대화,"Ducimus 영화 재밌어 보이네.
정말? 나도 보고 싶다.
Ducimus 영화 재밌어 보이네.
나도 그렇게 생각했어.
주말에 영화 보러 갈래?
코미디 어때?
오늘 날씨 진짜 좋다.
나도 그렇게 생각했어.
최신 영화 뭐가 좋대?
로맨스도 괜찮지.
저녁 메뉴 추천해줘.
짜장면 어때?
해외여행 가고 싶다.
동남아 어때?
잘 가!"
201,일반 대화,"오늘 날씨 진짜 좋다.
좋네!
점심 뭐 먹을래?
라면 땡겨.
해외여행 가고 싶다.
맞아, 일본 가고 싶어.
Ducimus 영화 재밌어 보이네.
와 대박
어제 본 영화 진짜 재밌었어.
나도 보려고 했는데!
오늘 회의 힘들었지?
그래도 끝나서 다행.
Ducimus 영화 재밌어 보이네.
그렇게 들리네.
점심 뭐 먹을래?
김밥 어때?
주말에 또 얘기하자."
202,일반 대화,"점심 뭐 먹을래?
김밥 어때?
저녁 메뉴 추천해줘.
집밥이 최고야.
어제 비 때문에 힘들었어.
나도 젖었어.
프로젝트 언제 끝날까?
이야, 놀랍다.
업무 너무 많다.
나도 그래.
최근에 본 영화 중 추천할 만한 거 있어?
코미디로 Laudantium 영화 어때?
최신 영화 뭐가 좋대?
로맨스도 괜찮지.
그럼 내일 보자."
203,일반 대화,"저녁 메뉴 추천해줘.
집밥이 최고야.
프로젝트 언제 끝날까?
그건 몰랐네.
어제 본 영화 진짜 재밌었어.
난 별로였어.
어제 비 때문에 힘들었어.
다음엔 우산 꼭 챙겨.
어제 본 영화 진짜 재밌었어.
이야, 놀랍다.
오늘 날씨 진짜 좋다.
햇볕이 따뜻하네.
지난 여행 기억나?
오 그렇구나.
조심히 들어가!"
204,일반 대화,"최신 영화 뭐가 좋대?
음… 글쎄.
Ducimus 영화 재밌어 보이네.
장르가 뭔데?
오늘 회의 힘들었지?
나 졸릴 뻔했어.
프로젝트 언제 끝날까?
생각보다 오래 걸릴 듯.
오늘 회의 힘들었지?
재밌네.
점심 뭐 먹을래?
김밥 어때?
오늘 날씨 진짜 좋다.
햇볕이 따뜻하네.
프로젝트 언제 끝날까?
팀장한테 물어봐야겠네.
조심히 들어가!"
205,일반 대화,"Ducimus 영화 재밌어 보이네.
장르가 뭔데?
어제 비 때문에 힘들었어.
나도 젖었어.
점심 뭐 먹을래?
나는 치킨.
해외여행 가고 싶다.
맞아, 일본 가고 싶어.
프로젝트 언제 끝날까?
아마 다음 달쯤?
오늘 날씨 진짜 좋다.
내일은 더 춥대.
지난 여행 기억나?
재밌네.
잘 가!"
206,일반 대화,"지난 여행 기억나?
재밌었지.
여름 휴가 어디 갈 거야?
아직 못 정했어.
최신 영화 뭐가 좋대?
나도 그렇게 생각했어.
어제 비 때문에 힘들었어.
나도 젖었어.
저녁 메뉴 추천해줘.
음… 글쎄.
최신 영화 뭐가 좋대?
나도 그렇게 생각했어.
조심히 들어가!"
207,일반 대화,"어제 비 때문에 힘들었어.
헐 진짜?
어제 본 영화 진짜 재밌었어.
나도 보려고 했는데!
주말에 영화 보러 갈래?
오 그렇구나.
저녁 메뉴 추천해줘.
집밥이 최고야.
여름 휴가 어디 갈 거야?
남양주시 갈까 생각 중이야.
저녁 메뉴 추천해줘.
불고기 어떠신가요?
퇴근하고 연락할게."
208,일반 대화,"어제 본 영화 진짜 재밌었어.
좋네!
최근에 본 영화 중 추천할 만한 거 있어?
Aut 영화 좋았어.
업무 너무 많다.
같이 해결하자.
비 많이 올 것 같지 않아?
좋네!
치킨 땡긴다.
양념치킨 어때?
어제 비 때문에 힘들었어.
헐 진짜?
오늘 날씨 진짜 좋다.
내일은 더 춥대.
어제 본 영화 진짜 재밌었어.
그렇게 들리네.
조심히 들어가!"
209,일반 대화,"지난 여행 기억나?
나도 그렇게 생각했어.
오늘 날씨 진짜 좋다.
햇볕이 따뜻하네.
업무 너무 많다.
나도 그래.
업무 너무 많다.
같이 해결하자.
지난 여행 기억나?
재밌었지.
Ducimus 영화 재밌어 보이네.
장르가 뭔데?
주말에 또 얘기하자."
210,일반 대화,"오늘 날씨 진짜 좋다.
햇볕이 따뜻하네.
치킨 땡긴다.
피자도 괜찮잖아.
업무 너무 많다.
같이 해결하자.
해외여행 가고 싶다.
동남아 어때?
최근에 본 영화 중 추천할 만한 거 있어?
액션 영화는 Iste 영화가 최고.
업무 너무 많다.
휴가 내보는 게 어때?
점심 뭐 먹을래?
라면 땡겨.
조심히 들어가!"
211,일반 대화,"프로젝트 언제 끝날까?
생각보다 오래 걸릴 듯.
치킨 땡긴다.
재밌네.
비 많이 올 것 같지 않아?
이야, 놀랍다.
해외여행 가고 싶다.
유럽도 좋지.
오늘 날씨 진짜 좋다.
맞아 덥더라.
오늘 날씨 진짜 좋다.
재밌네.
주말에 또 얘기하자."
212,일반 대화,"해외여행 가고 싶다.
유럽도 좋지.
비 많이 올 것 같지 않아?
헐 진짜?
오늘 회의 힘들었지?
헐 진짜?
최신 영화 뭐가 좋대?
좋네!
치킨 땡긴다.
이야, 놀랍다.
어제 본 영화 진짜 재밌었어.
좋네!
오늘은 여기까지 하자."
213,일반 대화,"주말에 영화 보러 갈래?
좋아, 무슨 영화 볼까?
해외여행 가고 싶다.
맞아, 일본 가고 싶어.
최근에 본 영화 중 추천할 만한 거 있어?
Illo 영화 좋았어.
해외여행 가고 싶다.
돈만 있으면 당장 가지.
비 많이 올 것 같지 않아?
와 대박
주말에 영화 보러 갈래?
시간 맞으면 보자.
어제 본 영화 진짜 재밌었어.
그렇게 들리네.
오늘 회의 힘들었지?
그래도 끝나서 다행.
조심히 들어가!"
214,일반 대화,"프로젝트 언제 끝날까?
그건 몰랐네.
여름 휴가 어디 갈 거야?
오 그렇구나.
저녁 메뉴 추천해줘.
불고기 어떠신가요?
최근에 본 영화 중 추천할 만한 거 있어?
Ex 영화 좋았어.
저녁 메뉴 추천해줘.
집밥이 최고야.
저녁 메뉴 추천해줘.
짜장면 어때?
저녁 메뉴 추천해줘.
재밌네.
해외여행 가고 싶다.
유럽도 좋지.
잘 가!"
215,일반 대화,"주말에 영화 보러 갈래?
그건 몰랐네.
점심 뭐 먹을래?
재밌네.
어제 비 때문에 힘들었어.
나도 젖었어.
여름 휴가 어디 갈 거야?
아직 못 정했어.
업무 너무 많다.
같이 해결하자.
지난 여행 기억나?
다음엔 더 가고 싶어.
저녁 메뉴 추천해줘.
그건 몰랐네.
업무 너무 많다.
휴가 내보는 게 어때?
퇴근하고 연락할게."
216,일반 대화,"업무 너무 많다.
헐 진짜?
비 많이 올 것 같지 않아?
그러네, 아침에도 흐렸어.
Ducimus 영화 재밌어 보이네.
정말? 나도 보고 싶다.
치킨 땡긴다.
어제도 먹었는데 또?
최신 영화 뭐가 좋대?
리뷰 확인해봐.
Ducimus 영화 재밌어 보이네.
정말? 나도 보고 싶다.
여름 휴가 어디 갈 거야?
바다 가고 싶어.
어제 비 때문에 힘들었어.
다음엔 우산 꼭 챙겨.
오늘은 여기까지 하자."
217,일반 대화,"주말에 영화 보러 갈래?
시간 맞으면 보자.
업무 너무 많다.
와 대박
오늘 회의 힘들었지?
좋네!
주말에 영화 보러 갈래?
시간 맞으면 보자.
주말에 영화 보러 갈래?
코미디 어때?
여름 휴가 어디 갈 거야?
산으로 가고 싶네.
오늘 날씨 진짜 좋다.
좋네!
조심히 들어가!"
218,일반 대화,"치킨 땡긴다.
헐 진짜?
프로젝트 언제 끝날까?
팀장한테 물어봐야겠네.
프로젝트 언제 끝날까?
아마 다음 달쯤?
업무 너무 많다.
나도 그래.
어제 본 영화 진짜 재밌었어.
이야, 놀랍다.
Ducimus 영화 재밌어 보이네.
장르가 뭔데?
오늘 날씨 진짜 좋다.
그러게, 산책하기 딱 좋네.
지난 여행 기억나?
다음엔 더 가고 싶어.
잘 가!"
219,일반 대화,"치킨 땡긴다.
나도 그렇게 생각했어.
비 많이 올 것 같지 않아?
응, 우산 챙겨야겠다.
Ducimus 영화 재밌어 보이네.
정말?
저녁 메뉴 추천해줘.
짜장면 어때?
최근에 본 영화 중 추천할 만한 거 있어?
액션 영화는 Totam 영화가 최고.
치킨 땡긴다.
어제도 먹었는데 또?
저녁 메뉴 추천해줘.
집밥이 최고야.
비 많이 올 것 같지 않아?
이야, 놀랍다.
퇴근하고 연락할게."
220,일반 대화,"오늘 날씨 진짜 좋다.
좋네!
오늘 회의 힘들었지?
나도 그렇게 생각했어.
비 많이 올 것 같지 않아?
비 올 때 집에서 쉴까?
지난 여행 기억나?
다음엔 더 가고 싶어.
해외여행 가고 싶다.
맞아, 일본 가고 싶어.
오늘 날씨 진짜 좋다.
이야, 놀랍다.
치킨 땡긴다.
나도 치킨 좋아해.
프로젝트 언제 끝날까?
생각보다 오래 걸릴 듯.
퇴근하고 연락할게."
221,일반 대화,"저녁 메뉴 추천해줘.
불고기 어떠신가요?
프로젝트 언제 끝날까?
이야, 놀랍다.
최신 영화 뭐가 좋대?
정말?
Ducimus 영화 재밌어 보이네.
같이 보자!
업무 너무 많다.
헐 진짜?
점심 뭐 먹을래?
나는 치킨.
오늘 날씨 진짜 좋다.
음… 글쎄.
점심 뭐 먹을래?
분식 어때?
잘 가!"
222,일반 대화,"프로젝트 언제 끝날까?
이야, 놀랍다.
어제 비 때문에 힘들었어.
나도 젖었어.
Ducimus 영화 재밌어 보이네.
장르가 뭔데?
지난 여행 기억나?
사진 다시 봐야겠다.
어제 비 때문에 힘들었어.
그래서 늦었지?
프로젝트 언제 끝날까?
좋네!
최신 영화 뭐가 좋대?
리뷰 확인해봐.
어제 비 때문에 힘들었어.
나도 젖었어.
업무 너무 많다.
같이 해결하자.
조심히 들어가!"
223,일반 대화,"해외여행 가고 싶다.
돈만 있으면 당장 가지.
치킨 땡긴다.
피자도 괜찮잖아.
비 많이 올 것 같지 않아?
응, 우산 챙겨야겠다.
최신 영화 뭐가 좋대?
SF가 인기야.
업무 너무 많다.
휴가 내보는 게 어때?
점심 뭐 먹을래?
분식 어때?
비 많이 올 것 같지 않아?
주말엔 맑다더라.
오늘 날씨 진짜 좋다.
내일은 더 춥대.
업무 너무 많다.
나도 그래.
오늘은 여기까지 하자."
224,일반 대화,"여름 휴가 어디 갈 거야?
청주시 상당구 갈까 생각 중이야.
어제 본 영화 진짜 재밌었어.
난 별로였어.
저녁 메뉴 추천해줘.
헐 진짜?
프로젝트 언제 끝날까?
팀장한테 물어봐야겠네.
최근에 본 영화 중 추천할 만한 거 있어?
액션 영화는 Nobis 영화가 최고.
여름 휴가 어디 갈 거야?
바다 가고 싶어.
치킨 땡긴다.
오 그렇구나.
최신 영화 뭐가 좋대?
리뷰 확인해봐.
조심히 들어가!"
225,일반 대화,"저녁 메뉴 추천해줘.
음… 글쎄.
해외여행 가고 싶다.
맞아, 일본 가고 싶어.
어제 비 때문에 힘들었어.
그래서 늦었지?
점심 뭐 먹을래?
재밌네.
비 많이 올 것 같지 않아?
응, 우산 챙겨야겠다.
업무 너무 많다.
그건 몰랐네.
오늘은 여기까지 하자."
226,일반 대화,"해외여행 가고 싶다.
재밌네.
오늘 날씨 진짜 좋다.
내일은 더 춥대.
저녁 메뉴 추천해줘.
집밥이 최고야.
해외여행 가고 싶다.
그렇게 들리네.
최근에 본 영화 중 추천할 만한 거 있어?
이야, 놀랍다.
최신 영화 뭐가 좋대?
리뷰 확인해봐.
업무 너무 많다.
와 대박
그럼 내일 보자."
227,일반 대화,"점심 뭐 먹을래?
음… 글쎄.
어제 본 영화 진짜 재밌었어.
난 별로였어.
여름 휴가 어디 갈 거야?
아직 못 정했어.
지난 여행 기억나?
다음엔 더 가고 싶어.
업무 너무 많다.
휴가 내보는 게 어때?
비 많이 올 것 같지 않아?
그러네, 아침에도 흐렸어.
어제 본 영화 진짜 재밌었어.
나도 보려고 했는데!
여름 휴가 어디 갈 거야?
산으로 가고 싶네.
해외여행 가고 싶다.
오 그렇구나.
퇴근하고 연락할게."
228,일반 대화,"최근에 본 영화 중 추천할 만한 거 있어?
코미디로 Culpa 영화 어때?
어제 비 때문에 힘들었어.
좋네!
지난 여행 기억나?
사진 다시 봐야겠다.
프로젝트 언제 끝날까?
생각보다 오래 걸릴 듯.
주말에 영화 보러 갈래?
시간 맞으면 보자.
주말에 영화 보러 갈래?
좋아, 무슨 영화 볼까?
프로젝트 언제 끝날까?
헐 진짜?
저녁 메뉴 추천해줘.
짜장면 어때?
조심히 들어가!"
229,일반 대화,"최근에 본 영화 중 추천할 만한 거 있어?
그건 몰랐네.
업무 너무 많다.
나도 그래.
비 많이 올 것 같지 않아?
이야, 놀랍다.
비 많이 올 것 같지 않아?
이야, 놀랍다.
해외여행 가고 싶다.
돈만 있으면 당장 가지.
업무 너무 많다.
같이 해결하자.
비 많이 올 것 같지 않아?
비 올 때 집에서 쉴까?
그럼 내일 보자."
230,일반 대화,"저녁 메뉴 추천해줘.
짜장면 어때?
프로젝트 언제 끝날까?
주말에 좀 해야겠어.
점심 뭐 먹을래?
분식 어때?
점심 뭐 먹을래?
그건 몰랐네.
프로젝트 언제 끝날까?
아마 다음 달쯤?
오늘 회의 힘들었지?
응 진짜 길더라.
치킨 땡긴다.
피자도 괜찮잖아.
점심 뭐 먹을래?
김밥 어때?
점심 뭐 먹을래?
김밥 어때?
퇴근하고 연락할게."
231,일반 대화,"여름 휴가 어디 갈 거야?
산으로 가고 싶네.
프로젝트 언제 끝날까?
팀장한테 물어봐야겠네.
지난 여행 기억나?
사진 다시 봐야겠다.
주말에 영화 보러 갈래?
난 액션 보고 싶어.
비 많이 올 것 같지 않아?
주말엔 맑다더라.
여름 휴가 어디 갈 거야?
나도 그렇게 생각했어.
조심히 들어가!"
232,일반 대화,"저녁 메뉴 추천해줘.
짜장면 어때?
최근에 본 영화 중 추천할 만한 거 있어?
나도 그렇게 생각했어.
최근에 본 영화 중 추천할 만한 거 있어?
Rerum 영화 좋았어.
비 많이 올 것 같지 않아?
그러네, 아침에도 흐렸어.
프로젝트 언제 끝날까?
아마 다음 달쯤?
해외여행 가고 싶다.
음… 글쎄.
오늘 회의 힘들었지?
재밌네.
오늘 회의 힘들었지?
그건 몰랐네.
조심히 들어가!"
233,일반 대화,"최신 영화 뭐가 좋대?
SF가 인기야.
지난 여행 기억나?
재밌었지.
비 많이 올 것 같지 않아?
응, 우산 챙겨야겠다.
어제 본 영화 진짜 재밌었어.
나도 그렇게 생각했어.
오늘 회의 힘들었지?
나 졸릴 뻔했어.
오늘 회의 힘들었지?
내일 더 바빠질듯.
잘 가!"
234,일반 대화,"지난 여행 기억나?
재밌었지.
업무 너무 많다.
휴가 내보는 게 어때?
점심 뭐 먹을래?
와 대박
여름 휴가 어디 갈 거야?
산으로 가고 싶네.
최근에 본 영화 중 추천할 만한 거 있어?
코미디로 Delectus 영화 어때?
주말에 영화 보러 갈래?
시간 맞으면 보자.
조심히 들어가!"
235,일반 대화,"Ducimus 영화 재밌어 보이네.
장르가 뭔데?
어제 비 때문에 힘들었어.
재밌네.
비 많이 올 것 같지 않아?
주말엔 맑다더라.
해외여행 가고 싶다.
동남아 어때?
저녁 메뉴 추천해줘.
집밥이 최고야.
비 많이 올 것 같지 않아?
주말엔 맑다더라.
지난 여행 기억나?
이야, 놀랍다.
퇴근하고 연락할게."
236,일반 대화,"주말에 영화 보러 갈래?
난 액션 보고 싶어.
저녁 메뉴 추천해줘.
집밥이 최고야.
주말에 영화 보러 갈래?
코미디 어때?
비 많이 올 것 같지 않아?
좋네!
어제 비 때문에 힘들었어.
그래서 늦었지?
저녁 메뉴 추천해줘.
짜장면 어때?
그럼 내일 보자."
237,일반 대화,"프로젝트 언제 끝날까?
팀장한테 물어봐야겠네.
비 많이 올 것 같지 않아?
와 대박
해외여행 가고 싶다.
맞아, 일본 가고 싶어.
저녁 메뉴 추천해줘.
짜장면 어때?
주말에 영화 보러 갈래?
나도 그렇게 생각했어.
어제 비 때문에 힘들었어.
나도 젖었어.
프로젝트 언제 끝날까?
생각보다 오래 걸릴 듯.
해외여행 가고 싶다.
돈만 있으면 당장 가지.
점심 뭐 먹을래?
이야, 놀랍다.
그럼 내일 보자."
238,일반 대화,"치킨 땡긴다.
와 대박
어제 비 때문에 힘들었어.
다음엔 우산 꼭 챙겨.
오늘 회의 힘들었지?
그래도 끝나서 다행.
해외여행 가고 싶다.
재밌네.
오늘 회의 힘들었지?
응 진짜 길더라.
어제 비 때문에 힘들었어.
그래서 늦었지?
오늘은 여기까지 하자."
239,일반 대화,"지난 여행 기억나?
재밌었지.
Ducimus 영화 재밌어 보이네.
장르가 뭔데?
지난 여행 기억나?
사진 다시 봐야겠다.
저녁 메뉴 추천해줘.
집밥이 최고야.
어제 비 때문에 힘들었어.
나도 젖었어.
업무 너무 많다.
휴가 내보는 게 어때?
여름 휴가 어디 갈 거야?
아직 못 정했어.
오늘 회의 힘들었지?
나 졸릴 뻔했어.
오늘은 여기까지 하자."
240,일반 대화,"점심 뭐 먹을래?
오 그렇구나.
치킨 땡긴다.
나도 치킨 좋아해.
지난 여행 기억나?
재밌었지.
업무 너무 많다.
그건 몰랐네.
저녁 메뉴 추천해줘.
불고기 어떠신가요?
최근에 본 영화 중 추천할 만한 거 있어?
Necessitatibus 영화 좋았어.
잘 가!"
241,일반 대화,"오늘 날씨 진짜 좋다.
맞아 덥더라.
어제 비 때문에 힘들었어.
정말?
어제 비 때문에 힘들었어.
그래서 늦었지?
여름 휴가 어디 갈 거야?
아직 못 정했어.
비 많이 올 것 같지 않아?
그러네, 아침에도 흐렸어.
저녁 메뉴 추천해줘.
불고기 어떠신가요?
그럼 내일 보자."
242,일반 대화,"어제 본 영화 진짜 재밌었어.
그건 몰랐네.
업무 너무 많다.
나도 그래.
해외여행 가고 싶다.
맞아, 일본 가고 싶어.
오늘 날씨 진짜 좋다.
와 대박
주말에 영화 보러 갈래?
코미디 어때?
오늘 날씨 진짜 좋다.
나도 그렇게 생각했어.
해외여행 가고 싶다.
돈만 있으면 당장 가지.
점심 뭐 먹을래?
라면 땡겨.
주말에 또 얘기하자."
243,일반 대화,"프로젝트 언제 끝날까?
팀장한테 물어봐야겠네.
치킨 땡긴다.
어제도 먹었는데 또?
오늘 날씨 진짜 좋다.
햇볕이 따뜻하네.
점심 뭐 먹을래?
재밌네.
프로젝트 언제 끝날까?
아마 다음 달쯤?
주말에 영화 보러 갈래?
난 액션 보고 싶어.
최근에 본 영화 중 추천할 만한 거 있어?
그렇게 들리네.
그럼 내일 보자."
244,일반 대화,"어제 비 때문에 힘들었어.
그래서 늦었지?
Ducimus 영화 재밌어 보이네.
같이 보자!
점심 뭐 먹을래?
분식 어때?
비 많이 올 것 같지 않아?
이야, 놀랍다.
최신 영화 뭐가 좋대?
그건 몰랐네.
비 많이 올 것 같지 않아?
응, 우산 챙겨야겠다.
퇴근하고 연락할게."
245,일반 대화,"오늘 날씨 진짜 좋다.
내일은 더 춥대.
점심 뭐 먹을래?
김밥 어때?
저녁 메뉴 추천해줘.
집밥이 최고야.
최신 영화 뭐가 좋대?
리뷰 확인해봐.
치킨 땡긴다.
그건 몰랐네.
여름 휴가 어디 갈 거야?
바다 가고 싶어.
최근에 본 영화 중 추천할 만한 거 있어?
그렇게 들리네.
퇴근하고 연락할게."
246,일반 대화,"어제 비 때문에 힘들었어.
와 대박
Ducimus 영화 재밌어 보이네.
와 대박
비 많이 올 것 같지 않아?
나도 그렇게 생각했어.
최신 영화 뭐가 좋대?
음… 글쎄.
오늘 회의 힘들었지?
그래도 끝나서 다행.
저녁 메뉴 추천해줘.
짜장면 어때?
오늘 날씨 진짜 좋다.
그건 몰랐네.
어제 비 때문에 힘들었어.
오 그렇구나.
퇴근하고 연락할게."
247,일반 대화,"어제 비 때문에 힘들었어.
와 대박
해외여행 가고 싶다.
맞아, 일본 가고 싶어.
프로젝트 언제 끝날까?
주말에 좀 해야겠어.
치킨 땡긴다.
양념치킨 어때?
비 많이 올 것 같지 않아?
오 그렇구나.
점심 뭐 먹을래?
분식 어때?
퇴근하고 연락할게."
248,일반 대화,"오늘 날씨 진짜 좋다.
그러게, 산책하기 딱 좋네.
프로젝트 언제 끝날까?
생각보다 오래 걸릴 듯.
주말에 영화 보러 갈래?
시간 맞으면 보자.
해외여행 가고 싶다.
유럽도 좋지.
업무 너무 많다.
나도 그래.
지난 여행 기억나?
다음엔 더 가고 싶어.
치킨 땡긴다.
나도 치킨 좋아해.
해외여행 가고 싶다.
돈만 있으면 당장 가지.
조심히 들어가!"
249,일반 대화,"어제 본 영화 진짜 재밌었어.
추천해줄까?
프로젝트 언제 끝날까?
아마 다음 달쯤?
어제 비 때문에 힘들었어.
그래서 늦었지?
점심 뭐 먹을래?
나는 치킨.
오늘 날씨 진짜 좋다.
맞아 덥더라.
오늘 회의 힘들었지?
이야, 놀랍다.
저녁 메뉴 추천해줘.
그건 몰랐네.
퇴근하고 연락할게."
250,일반 대화,"점심 뭐 먹을래?
분식 어때?
어제 본 영화 진짜 재밌었어.
나도 보려고 했는데!
오늘 날씨 진짜 좋다.
그러게, 산책하기 딱 좋네.
비 많이 올 것 같지 않아?
그러네, 아침에도 흐렸어.
어제 비 때문에 힘들었어.
다음엔 우산 꼭 챙겨.
최근에 본 영화 중 추천할 만한 거 있어?
Id 영화 좋았어.
조심히 들어가!"
251,일반 대화,"저녁 메뉴 추천해줘.
불고기 어떠신가요?
저녁 메뉴 추천해줘.
나도 그렇게 생각했어.
업무 너무 많다.
휴가 내보는 게 어때?
최신 영화 뭐가 좋대?
로맨스도 괜찮지.
최신 영화 뭐가 좋대?
리뷰 확인해봐.
점심 뭐 먹을래?
김밥 어때?
비 많이 올 것 같지 않아?
좋네!
비 많이 올 것 같지 않아?
그러네, 아침에도 흐렸어.
잘 가!"
252,일반 대화,"오늘 날씨 진짜 좋다.
맞아 덥더라.
여름 휴가 어디 갈 거야?
산으로 가고 싶네.
지난 여행 기억나?
다음엔 더 가고 싶어.
해외여행 가고 싶다.
재밌네.
해외여행 가고 싶다.
동남아 어때?
최신 영화 뭐가 좋대?
헐 진짜?
그럼 내일 보자."
253,일반 대화,"오늘 날씨 진짜 좋다.
재밌네.
치킨 땡긴다.
정말?
해외여행 가고 싶다.
이야, 놀랍다.
여름 휴가 어디 갈 거야?
파주시 갈까 생각 중이야.
치킨 땡긴다.
양념치킨 어때?
치킨 땡긴다.
피자도 괜찮잖아.
업무 너무 많다.
그건 몰랐네.
비 많이 올 것 같지 않아?
나도 그렇게 생각했어.
조심히 들어가!"
254,일반 대화,"프로젝트 언제 끝날까?
팀장한테 물어봐야겠네.
비 많이 올 것 같지 않아?
비 올 때 집에서 쉴까?
점심 뭐 먹을래?
라면 땡겨.
오늘 회의 힘들었지?
그래도 끝나서 다행.
해외여행 가고 싶다.
유럽도 좋지.
어제 본 영화 진짜 재밌었어.
난 별로였어.
여름 휴가 어디 갈 거야?
바다 가고 싶어.
프로젝트 언제 끝날까?
생각보다 오래 걸릴 듯.
그럼 내일 보자."
255,일반 대화,"프로젝트 언제 끝날까?
헐 진짜?
지난 여행 기억나?
그렇게 들리네.
오늘 회의 힘들었지?
음… 글쎄.
프로젝트 언제 끝날까?
생각보다 오래 걸릴 듯.
Ducimus 영화 재밌어 보이네.
같이 보자!
해외여행 가고 싶다.
맞아, 일본 가고 싶어.
프로젝트 언제 끝날까?
생각보다 오래 걸릴 듯.
그럼 내일 보자."
256,일반 대화,"지난 여행 기억나?
사진 다시 봐야겠다.
오늘 날씨 진짜 좋다.
그러게, 산책하기 딱 좋네.
프로젝트 언제 끝날까?
생각보다 오래 걸릴 듯.
비 많이 올 것 같지 않아?
재밌네.
지난 여행 기억나?
정말?
어제 비 때문에 힘들었어.
재밌네.
최신 영화 뭐가 좋대?
리뷰 확인해봐.
치킨 땡긴다.
양념치킨 어때?
오늘은 여기까지 하자."
257,일반 대화,"점심 뭐 먹을래?
헐 진짜?
최신 영화 뭐가 좋대?
좋네!
프로젝트 언제 끝날까?
생각보다 오래 걸릴 듯.
어제 본 영화 진짜 재밌었어.
추천해줄까?
치킨 땡긴다.
음… 글쎄.
최신 영화 뭐가 좋대?
오 그렇구나.
주말에 영화 보러 갈래?
시간 맞으면 보자.
치킨 땡긴다.
양념치킨 어때?
조심히 들어가!"
258,일반 대화,"주말에 영화 보러 갈래?
코미디 어때?
프로젝트 언제 끝날까?
좋네!
지난 여행 기억나?
음… 글쎄.
오늘 날씨 진짜 좋다.
맞아 덥더라.
지난 여행 기억나?
재밌었지.
저녁 메뉴 추천해줘.
와 대박
퇴근하고 연락할게."
259,일반 대화,"점심 뭐 먹을래?
라면 땡겨.
오늘 회의 힘들었지?
나 졸릴 뻔했어.
어제 비 때문에 힘들었어.
정말?
어제 비 때문에 힘들었어.
나도 젖었어.
최근에 본 영화 중 추천할 만한 거 있어?
음… 글쎄.
Ducimus 영화 재밌어 보이네.
같이 보자!
퇴근하고 연락할게."
260,일반 대화,"비 많이 올 것 같지 않아?
그러네, 아침에도 흐렸어.
비 많이 올 것 같지 않아?
응, 우산 챙겨야겠다.
해외여행 가고 싶다.
와 대박
업무 너무 많다.
좋네!
저녁 메뉴 추천해줘.
불고기 어떠신가요?
오늘 회의 힘들었지?
나 졸릴 뻔했어.
해외여행 가고 싶다.
유럽도 좋지.
점심 뭐 먹을래?
나는 치킨.
오늘은 여기까지 하자."
261,일반 대화,"여름 휴가 어디 갈 거야?
고성군 갈까 생각 중이야.
여름 휴가 어디 갈 거야?
헐 진짜?
점심 뭐 먹을래?
김밥 어때?
점심 뭐 먹을래?
이야, 놀랍다.
Ducimus 영화 재밌어 보이네.
장르가 뭔데?
지난 여행 기억나?
다음엔 더 가고 싶어.
어제 비 때문에 힘들었어.
이야, 놀랍다.
저녁 메뉴 추천해줘.
재밌네.
주말에 또 얘기하자."
262,일반 대화,"Ducimus 영화 재밌어 보이네.
나도 그렇게 생각했어.
치킨 땡긴다.
어제도 먹었는데 또?
지난 여행 기억나?
다음엔 더 가고 싶어.
저녁 메뉴 추천해줘.
짜장면 어때?
저녁 메뉴 추천해줘.
집밥이 최고야.
점심 뭐 먹을래?
오 그렇구나.
지난 여행 기억나?
와 대박
오늘은 여기까지 하자."
263,일반 대화,"프로젝트 언제 끝날까?
주말에 좀 해야겠어.
점심 뭐 먹을래?
라면 땡겨.
프로젝트 언제 끝날까?
재밌네.
지난 여행 기억나?
재밌었지.
어제 본 영화 진짜 재밌었어.
재밌네.
오늘 회의 힘들었지?
내일 더 바빠질듯.
점심 뭐 먹을래?
음… 글쎄.
퇴근하고 연락할게."
264,일반 대화,"주말에 영화 보러 갈래?
시간 맞으면 보자.
지난 여행 기억나?
사진 다시 봐야겠다.
해외여행 가고 싶다.
좋네!
오늘 날씨 진짜 좋다.
그렇게 들리네.
비 많이 올 것 같지 않아?
그러네, 아침에도 흐렸어.
어제 비 때문에 힘들었어.
그건 몰랐네.
비 많이 올 것 같지 않아?
비 올 때 집에서 쉴까?
오늘 날씨 진짜 좋다.
재밌네.
오늘은 여기까지 하자."
265,일반 대화,"점심 뭐 먹을래?
김밥 어때?
치킨 땡긴다.
피자도 괜찮잖아.
저녁 메뉴 추천해줘.
정말?
어제 본 영화 진짜 재밌었어.
뭐 봤는데?
지난 여행 기억나?
정말?
어제 비 때문에 힘들었어.
나도 젖었어.
잘 가!"
266,일반 대화,"프로젝트 언제 끝날까?
주말에 좀 해야겠어.
오늘 날씨 진짜 좋다.
그렇게 들리네.
비 많이 올 것 같지 않아?
그러네, 아침에도 흐렸어.
업무 너무 많다.
나도 그래.
주말에 영화 보러 갈래?
좋아, 무슨 영화 볼까?
업무 너무 많다.
나도 그렇게 생각했어.
치킨 땡긴다.
정말?
오늘은 여기까지 하자."
267,일반 대화,"지난 여행 기억나?
사진 다시 봐야겠다.
어제 본 영화 진짜 재밌었어.
나도 그렇게 생각했어.
Ducimus 영화 재밌어 보이네.
정말?
저녁 메뉴 추천해줘.
집밥이 최고야.
오늘 회의 힘들었지?
이야, 놀랍다.
최신 영화 뭐가 좋대?
리뷰 확인해봐.
그럼 내일 보자."
268,일반 대화,"지난 여행 기억나?
재밌었지.
Ducimus 영화 재밌어 보이네.
오 그렇구나.
지난 여행 기억나?
다음엔 더 가고 싶어.
치킨 땡긴다.
그렇게 들리네.
점심 뭐 먹을래?
이야, 놀랍다.
오늘 회의 힘들었지?
응 진짜 길더라.
그럼 내일 보자."
269,일반 대화,"어제 본 영화 진짜 재밌었어.
나도 보려고 했는데!
주말에 영화 보러 갈래?
이야, 놀랍다.
오늘 날씨 진짜 좋다.
맞아 덥더라.
프로젝트 언제 끝날까?
좋네!
업무 너무 많다.
나도 그래.
지난 여행 기억나?
그건 몰랐네.
오늘 회의 힘들었지?
내일 더 바빠질듯.
최근에 본 영화 중 추천할 만한 거 있어?
오 그렇구나.
잘 가!"
270,일반 대화,"프로젝트 언제 끝날까?
아마 다음 달쯤?
어제 비 때문에 힘들었어.
다음엔 우산 꼭 챙겨.
저녁 메뉴 추천해줘.
불고기 어떠신가요?
치킨 땡긴다.
나도 치킨 좋아해.
여름 휴가 어디 갈 거야?
바다 가고 싶어.
오늘 회의 힘들었지?
오 그렇구나.
치킨 땡긴다.
피자도 괜찮잖아.
오늘 회의 힘들었지?
그래도 끝나서 다행.
주말에 또 얘기하자."
271,일반 대화,"저녁 메뉴 추천해줘.
불고기 어떠신가요?
어제 본 영화 진짜 재밌었어.
뭐 봤는데?
비 많이 올 것 같지 않아?
응, 우산 챙겨야겠다.
저녁 메뉴 추천해줘.
이야, 놀랍다.
여름 휴가 어디 갈 거야?
산으로 가고 싶네.
지난 여행 기억나?
재밌었지.
프로젝트 언제 끝날까?
주말에 좀 해야겠어.
어제 본 영화 진짜 재밌었어.
나도 보려고 했는데!
최신 영화 뭐가 좋대?
SF가 인기야.
주말에 또 얘기하자."
272,일반 대화,"업무 너무 많다.
같이 해결하자.
지난 여행 기억나?
사진 다시 봐야겠다.
어제 비 때문에 힘들었어.
나도 젖었어.
Ducimus 영화 재밌어 보이네.
정말? 나도 보고 싶다.
어제 비 때문에 힘들었어.
그래서 늦었지?
오늘 날씨 진짜 좋다.
재밌네.
오늘 날씨 진짜 좋다.
재밌네.
잘 가!"
273,일반 대화,"해외여행 가고 싶다.
유럽도 좋지.
지난 여행 기억나?
사진 다시 봐야겠다.
어제 본 영화 진짜 재밌었어.
난 별로였어.
프로젝트 언제 끝날까?
음… 글쎄.
프로젝트 언제 끝날까?
아마 다음 달쯤?
지난 여행 기억나?
재밌었지.
여름 휴가 어디 갈 거야?
바다 가고 싶어.
점심 뭐 먹을래?
분식 어때?
잘 가!"
274,일반 대화,"저녁 메뉴 추천해줘.
집밥이 최고야.
지난 여행 기억나?
재밌었지.
업무 너무 많다.
같이 해결하자.
업무 너무 많다.
나도 그래.
오늘 날씨 진짜 좋다.
햇볕이 따뜻하네.
주말에 영화 보러 갈래?
시간 맞으면 보자.
업무 너무 많다.
휴가 내보는 게 어때?
어제 비 때문에 힘들었어.
나도 젖었어.
조심히 들어가!"
275,일반 대화,"어제 비 때문에 힘들었어.
다음엔 우산 꼭 챙겨.
점심 뭐 먹을래?
분식 어때?
최근에 본 영화 중 추천할 만한 거 있어?
코미디로 Voluptates 영화 어때?
주말에 영화 보러 갈래?
그건 몰랐네.
업무 너무 많다.
나도 그래.
Ducimus 영화 재밌어 보이네.
나도 그렇게 생각했어.
오늘 날씨 진짜 좋다.
맞아 덥더라.
여름 휴가 어디 갈 거야?
나도 그렇게 생각했어.
오늘은 여기까지 하자."
276,일반 대화,"어제 본 영화 진짜 재밌었어.
난 별로였어.
오늘 회의 힘들었지?
내일 더 바빠질듯.
프로젝트 언제 끝날까?
재밌네.
Ducimus 영화 재밌어 보이네.
같이 보자!
업무 너무 많다.
휴가 내보는 게 어때?
프로젝트 언제 끝날까?
주말에 좀 해야겠어.
오늘은 여기까지 하자."
277,일반 대화,"주말에 영화 보러 갈래?
시간 맞으면 보자.
어제 비 때문에 힘들었어.
그래서 늦었지?
치킨 땡긴다.
헐 진짜?
해외여행 가고 싶다.
오 그렇구나.
업무 너무 많다.
나도 그래.
치킨 땡긴다.
그건 몰랐네.
오늘 날씨 진짜 좋다.
헐 진짜?
퇴근하고 연락할게."
278,일반 대화,"프로젝트 언제 끝날까?
팀장한테 물어봐야겠네.
업무 너무 많다.
나도 그래.
Ducimus 영화 재밌어 보이네.
와 대박
어제 비 때문에 힘들었어.
그래서 늦었지?
어제 비 때문에 힘들었어.
다음엔 우산 꼭 챙겨.
최신 영화 뭐가 좋대?
리뷰 확인해봐.
지난 여행 기억나?
사진 다시 봐야겠다.
조심히 들어가!"
279,일반 대화,"여름 휴가 어디 갈 거야?
충주시 갈까 생각 중이야.
해외여행 가고 싶다.
동남아 어때?
저녁 메뉴 추천해줘.
짜장면 어때?
Ducimus 영화 재밌어 보이네.
정말?
어제 비 때문에 힘들었어.
그래서 늦었지?
치킨 땡긴다.
피자도 괜찮잖아.
그럼 내일 보자."
280,일반 대화,"어제 본 영화 진짜 재밌었어.
그렇게 들리네.
비 많이 올 것 같지 않아?
그러네, 아침에도 흐렸어.
여름 휴가 어디 갈 거야?
오 그렇구나.
오늘 날씨 진짜 좋다.
햇볕이 따뜻하네.
프로젝트 언제 끝날까?
생각보다 오래 걸릴 듯.
프로젝트 언제 끝날까?
주말에 좀 해야겠어.
그럼 내일 보자."
281,일반 대화,"비 많이 올 것 같지 않아?
응, 우산 챙겨야겠다.
오늘 회의 힘들었지?
내일 더 바빠질듯.
최신 영화 뭐가 좋대?
와 대박
업무 너무 많다.
정말?
치킨 땡긴다.
어제도 먹었는데 또?
점심 뭐 먹을래?
분식 어때?
퇴근하고 연락할게."
282,일반 대화,"비 많이 올 것 같지 않아?
주말엔 맑다더라.
여름 휴가 어디 갈 거야?
음… 글쎄.
해외여행 가고 싶다.
좋네!
지난 여행 기억나?
재밌네.
프로젝트 언제 끝날까?
주말에 좀 해야겠어.
오늘 날씨 진짜 좋다.
그러게, 산책하기 딱 좋네.
점심 뭐 먹을래?
분식 어때?
주말에 또 얘기하자."
283,일반 대화,"점심 뭐 먹을래?
좋네!
치킨 땡긴다.
정말?
어제 비 때문에 힘들었어.
정말?
최근에 본 영화 중 추천할 만한 거 있어?
코미디로 Odio 영화 어때?
해외여행 가고 싶다.
동남아 어때?
업무 너무 많다.
휴가 내보는 게 어때?
오늘 회의 힘들었지?
내일 더 바빠질듯.
그럼 내일 보자."
284,일반 대화,"오늘 회의 힘들었지?
응 진짜 길더라.
지난 여행 기억나?
다음엔 더 가고 싶어.
오늘 회의 힘들었지?
내일 더 바빠질듯.
어제 비 때문에 힘들었어.
나도 젖었어.
비 많이 올 것 같지 않아?
주말엔 맑다더라.
어제 비 때문에 힘들었어.
그건 몰랐네.
오늘 날씨 진짜 좋다.
그러게, 산책하기 딱 좋네.
조심히 들어가!"
285,일반 대화,"최신 영화 뭐가 좋대?
리뷰 확인해봐.
점심 뭐 먹을래?
정말?
프로젝트 언제 끝날까?
주말에 좀 해야겠어.
해외여행 가고 싶다.
돈만 있으면 당장 가지.
지난 여행 기억나?
다음엔 더 가고 싶어.
저녁 메뉴 추천해줘.
집밥이 최고야.
업무 너무 많다.
같이 해결하자.
주말에 또 얘기하자."
286,일반 대화,"저녁 메뉴 추천해줘.
불고기 어떠신가요?
저녁 메뉴 추천해줘.
집밥이 최고야.
저녁 메뉴 추천해줘.
그건 몰랐네.
치킨 땡긴다.
오 그렇구나.
비 많이 올 것 같지 않아?
와 대박
여름 휴가 어디 갈 거야?
바다 가고 싶어.
어제 비 때문에 힘들었어.
나도 젖었어.
저녁 메뉴 추천해줘.
짜장면 어때?
그럼 내일 보자."
287,일반 대화,"치킨 땡긴다.
양념치킨 어때?
비 많이 올 것 같지 않아?
응, 우산 챙겨야겠다.
저녁 메뉴 추천해줘.
좋네!
오늘 회의 힘들었지?
나 졸릴 뻔했어.
오늘 날씨 진짜 좋다.
햇볕이 따뜻하네.
비 많이 올 것 같지 않아?
주말엔 맑다더라.
오늘 회의 힘들었지?
그래도 끝나서 다행.
오늘 회의 힘들었지?
내일 더 바빠질듯.
잘 가!"
288,일반 대화,"오늘 날씨 진짜 좋다.
이야, 놀랍다.
저녁 메뉴 추천해줘.
집밥이 최고야.
업무 너무 많다.
정말?
여름 휴가 어디 갈 거야?
바다 가고 싶어.
프로젝트 언제 끝날까?
와 대박
어제 비 때문에 힘들었어.
그렇게 들리네.
어제 비 때문에 힘들었어.
그래서 늦었지?
해외여행 가고 싶다.
돈만 있으면 당장 가지.
비 많이 올 것 같지 않아?
그러네, 아침에도 흐렸어.
잘 가!"
289,일반 대화,"주말에 영화 보러 갈래?
코미디 어때?
오늘 회의 힘들었지?
나 졸릴 뻔했어.
치킨 땡긴다.
양념치킨 어때?
프로젝트 언제 끝날까?
팀장한테 물어봐야겠네.
치킨 땡긴다.
나도 치킨 좋아해.
점심 뭐 먹을래?
분식 어때?
최신 영화 뭐가 좋대?
그건 몰랐네.
어제 비 때문에 힘들었어.
다음엔 우산 꼭 챙겨.
주말에 또 얘기하자."
290,일반 대화,"해외여행 가고 싶다.
동남아 어때?
프로젝트 언제 끝날까?
그렇게 들리네.
프로젝트 언제 끝날까?
아마 다음 달쯤?
최근에 본 영화 중 추천할 만한 거 있어?
코미디로 Commodi 영화 어때?
최신 영화 뭐가 좋대?
로맨스도 괜찮지.
프로젝트 언제 끝날까?
주말에 좀 해야겠어.
저녁 메뉴 추천해줘.
불고기 어떠신가요?
치킨 땡긴다.
피자도 괜찮잖아.
퇴근하고 연락할게."
291,일반 대화,"오늘 날씨 진짜 좋다.
맞아 덥더라.
오늘 날씨 진짜 좋다.
이야, 놀랍다.
오늘 날씨 진짜 좋다.
정말?
최근에 본 영화 중 추천할 만한 거 있어?
Sint 영화 좋았어.
여름 휴가 어디 갈 거야?
이야, 놀랍다.
해외여행 가고 싶다.
동남아 어때?
해외여행 가고 싶다.
와 대박
그럼 내일 보자."
292,일반 대화,"저녁 메뉴 추천해줘.
불고기 어떠신가요?
최근에 본 영화 중 추천할 만한 거 있어?
좋네!
오늘 날씨 진짜 좋다.
그러게, 산책하기 딱 좋네.
치킨 땡긴다.
어제도 먹었는데 또?
치킨 땡긴다.
양념치킨 어때?
프로젝트 언제 끝날까?
그건 몰랐네.
프로젝트 언제 끝날까?
음… 글쎄.
조심히 들어가!"
293,일반 대화,"점심 뭐 먹을래?
오 그렇구나.
Ducimus 영화 재밌어 보이네.
같이 보자!
어제 비 때문에 힘들었어.
나도 젖었어.
해외여행 가고 싶다.
돈만 있으면 당장 가지.
최신 영화 뭐가 좋대?
로맨스도 괜찮지.
지난 여행 기억나?
정말?
퇴근하고 연락할게."
294,일반 대화,"어제 본 영화 진짜 재밌었어.
뭐 봤는데?
어제 본 영화 진짜 재밌었어.
나도 그렇게 생각했어.
지난 여행 기억나?
사진 다시 봐야겠다.
어제 비 때문에 힘들었어.
나도 젖었어.
최근에 본 영화 중 추천할 만한 거 있어?
코미디로 Non 영화 어때?
저녁 메뉴 추천해줘.
집밥이 최고야.
어제 비 때문에 힘들었어.
음… 글쎄.
오늘은 여기까지 하자."
295,일반 대화,"점심 뭐 먹을래?
라면 땡겨.
어제 본 영화 진짜 재밌었어.
뭐 봤는데?
여름 휴가 어디 갈 거야?
강릉시 갈까 생각 중이야.
오늘 날씨 진짜 좋다.
정말?
치킨 땡긴다.
어제도 먹었는데 또?
프로젝트 언제 끝날까?
생각보다 오래 걸릴 듯.
여름 휴가 어디 갈 거야?
정말?
퇴근하고 연락할게."
296,일반 대화,"최신 영화 뭐가 좋대?
정말?
업무 너무 많다.
같이 해결하자.
점심 뭐 먹을래?
김밥 어때?
점심 뭐 먹을래?
라면 땡겨.
최신 영화 뭐가 좋대?
SF가 인기야.
오늘 회의 힘들었지?
나 졸릴 뻔했어.
오늘 날씨 진짜 좋다.
재밌네.
어제 비 때문에 힘들었어.
오 그렇구나.
어제 본 영화 진짜 재밌었어.
그렇게 들리네.
그럼 내일 보자."
297,일반 대화,"오늘 회의 힘들었지?
응 진짜 길더라.
어제 비 때문에 힘들었어.
다음엔 우산 꼭 챙겨.
여름 휴가 어디 갈 거야?
재밌네.
최신 영화 뭐가 좋대?
로맨스도 괜찮지.
오늘 회의 힘들었지?
내일 더 바빠질듯.
최근에 본 영화 중 추천할 만한 거 있어?
와 대박
오늘은 여기까지 하자."
298,일반 대화,"해외여행 가고 싶다.
동남아 어때?
어제 비 때문에 힘들었어.
다음엔 우산 꼭 챙겨.
오늘 회의 힘들었지?
재밌네.
여름 휴가 어디 갈 거야?
와 대박
Ducimus 영화 재밌어 보이네.
재밌네.
업무 너무 많다.
그렇게 들리네.
최신 영화 뭐가 좋대?
음… 글쎄.
저녁 메뉴 추천해줘.
불고기 어떠신가요?
점심 뭐 먹을래?
나도 그렇게 생각했어.
주말에 또 얘기하자."
299,일반 대화,"어제 비 때문에 힘들었어.
나도 젖었어.
최근에 본 영화 중 추천할 만한 거 있어?
음… 글쎄.
최신 영화 뭐가 좋대?
리뷰 확인해봐.
치킨 땡긴다.
양념치킨 어때?
어제 본 영화 진짜 재밌었어.
헐 진짜?
지난 여행 기억나?
재밌었지.
지난 여행 기억나?
정말?
주말에 영화 보러 갈래?
코미디 어때?
최근에 본 영화 중 추천할 만한 거 있어?
코미디로 Ea 영화 어때?
잘 가!"
300,일반 대화,"어제 비 때문에 힘들었어.
나도 그렇게 생각했어.
오늘 날씨 진짜 좋다.
그러게, 산책하기 딱 좋네.
저녁 메뉴 추천해줘.
집밥이 최고야.
업무 너무 많다.
나도 그래.
업무 너무 많다.
같이 해결하자.
지난 여행 기억나?
재밌었지.
프로젝트 언제 끝날까?
정말?
어제 비 때문에 힘들었어.
음… 글쎄.
주말에 또 얘기하자."
301,일반 대화,"저녁 메뉴 추천해줘.
불고기 어떠신가요?
오늘 날씨 진짜 좋다.
내일은 더 춥대.
오늘 날씨 진짜 좋다.
그러게, 산책하기 딱 좋네.
점심 뭐 먹을래?
나는 치킨.
저녁 메뉴 추천해줘.
짜장면 어때?
주말에 영화 보러 갈래?
좋아, 무슨 영화 볼까?
오늘 회의 힘들었지?
응 진짜 길더라.
주말에 또 얘기하자."
302,일반 대화,"점심 뭐 먹을래?
라면 땡겨.
여름 휴가 어디 갈 거야?
와 대박
오늘 날씨 진짜 좋다.
와 대박
오늘 날씨 진짜 좋다.
좋네!
저녁 메뉴 추천해줘.
불고기 어떠신가요?
치킨 땡긴다.
정말?
점심 뭐 먹을래?
라면 땡겨.
치킨 땡긴다.
피자도 괜찮잖아.
해외여행 가고 싶다.
맞아, 일본 가고 싶어.
퇴근하고 연락할게."
303,일반 대화,"업무 너무 많다.
휴가 내보는 게 어때?
어제 본 영화 진짜 재밌었어.
정말?
비 많이 올 것 같지 않아?
응, 우산 챙겨야겠다.
점심 뭐 먹을래?
좋네!
주말에 영화 보러 갈래?
시간 맞으면 보자.
주말에 영화 보러 갈래?
코미디 어때?
프로젝트 언제 끝날까?
생각보다 오래 걸릴 듯.
어제 비 때문에 힘들었어.
나도 젖었어.
그럼 내일 보자."
304,일반 대화,"해외여행 가고 싶다.
좋네!
어제 본 영화 진짜 재밌었어.
난 별로였어.
어제 비 때문에 힘들었어.
그래서 늦었지?
여름 휴가 어디 갈 거야?
산으로 가고 싶네.
여름 휴가 어디 갈 거야?
바다 가고 싶어.
비 많이 올 것 같지 않아?
그렇게 들리네.
여름 휴가 어디 갈 거야?
산으로 가고 싶네.
조심히 들어가!"
305,일반 대화,"최신 영화 뭐가 좋대?
SF가 인기야.
어제 비 때문에 힘들었어.
나도 젖었어.
저녁 메뉴 추천해줘.
집밥이 최고야.
오늘 회의 힘들었지?
그렇게 들리네.
저녁 메뉴 추천해줘.
이야, 놀랍다.
비 많이 올 것 같지 않아?
비 올 때 집에서 쉴까?
점심 뭐 먹을래?
라면 땡겨.
오늘은 여기까지 하자."
306,일반 대화,"오늘 회의 힘들었지?
와 대박
치킨 땡긴다.
피자도 괜찮잖아.
점심 뭐 먹을래?
분식 어때?
오늘 회의 힘들었지?
나 졸릴 뻔했어.
여름 휴가 어디 갈 거야?
정말?
업무 너무 많다.
같이 해결하자.
최신 영화 뭐가 좋대?
리뷰 확인해봐.
오늘은 여기까지 하자."
307,일반 대화,"어제 비 때문에 힘들었어.
이야, 놀랍다.
저녁 메뉴 추천해줘.
불고기 어떠신가요?
어제 비 때문에 힘들었어.
다음엔 우산 꼭 챙겨.
저녁 메뉴 추천해줘.
불고기 어떠신가요?
점심 뭐 먹을래?
재밌네.
최신 영화 뭐가 좋대?
로맨스도 괜찮지.
주말에 영화 보러 갈래?
그렇게 들리네.
오늘 날씨 진짜 좋다.
내일은 더 춥대.
저녁 메뉴 추천해줘.
이야, 놀랍다.
오늘은 여기까지 하자."
308,일반 대화,"비 많이 올 것 같지 않아?
그러네, 아침에도 흐렸어.
여름 휴가 어디 갈 거야?
헐 진짜?
업무 너무 많다.
나도 그래.
어제 비 때문에 힘들었어.
나도 젖었어.
어제 비 때문에 힘들었어.
와 대박
최신 영화 뭐가 좋대?
오 그렇구나.
조심히 들어가!"
309,일반 대화,"비 많이 올 것 같지 않아?
주말엔 맑다더라.
여름 휴가 어디 갈 거야?
아직 못 정했어.
업무 너무 많다.
음… 글쎄.
여름 휴가 어디 갈 거야?
산으로 가고 싶네.
해외여행 가고 싶다.
돈만 있으면 당장 가지.
어제 비 때문에 힘들었어.
나도 젖었어.
업무 너무 많다.
휴가 내보는 게 어때?
저녁 메뉴 추천해줘.
나도 그렇게 생각했어.
해외여행 가고 싶다.
그렇게 들리네.
퇴근하고 연락할게."
310,일반 대화,"어제 비 때문에 힘들었어.
나도 젖었어.
오늘 회의 힘들었지?
음… 글쎄.
해외여행 가고 싶다.
돈만 있으면 당장 가지.
어제 비 때문에 힘들었어.
그래서 늦었지?
여름 휴가 어디 갈 거야?
산으로 가고 싶네.
치킨 땡긴다.
피자도 괜찮잖아.
지난 여행 기억나?
재밌었지.
여름 휴가 어디 갈 거야?
영월군 갈까 생각 중이야.
그럼 내일 보자."
311,일반 대화,"오늘 날씨 진짜 좋다.
음… 글쎄.
저녁 메뉴 추천해줘.
짜장면 어때?
오늘 회의 힘들었지?
응 진짜 길더라.
오늘 회의 힘들었지?
응 진짜 길더라.
해외여행 가고 싶다.
돈만 있으면 당장 가지.
지난 여행 기억나?
다음엔 더 가고 싶어.
업무 너무 많다.
오 그렇구나.
최근에 본 영화 중 추천할 만한 거 있어?
코미디로 Vero 영화 어때?
여름 휴가 어디 갈 거야?
산으로 가고 싶네.
오늘은 여기까지 하자."
312,일반 대화,"저녁 메뉴 추천해줘.
짜장면 어때?
어제 본 영화 진짜 재밌었어.
난 별로였어.
비 많이 올 것 같지 않아?
주말엔 맑다더라.
저녁 메뉴 추천해줘.
짜장면 어때?
오늘 회의 힘들었지?
재밌네.
주말에 영화 보러 갈래?
정말?
업무 너무 많다.
나도 그래.
여름 휴가 어디 갈 거야?
헐 진짜?
퇴근하고 연락할게."
313,일반 대화,"어제 비 때문에 힘들었어.
이야, 놀랍다.
주말에 영화 보러 갈래?
난 액션 보고 싶어.
프로젝트 언제 끝날까?
음… 글쎄.
프로젝트 언제 끝날까?
오 그렇구나.
점심 뭐 먹을래?
라면 땡겨.
프로젝트 언제 끝날까?
음… 글쎄.
오늘은 여기까지 하자."
314,일반 대화,"오늘 날씨 진짜 좋다.
내일은 더 춥대.
어제 본 영화 진짜 재밌었어.
뭐 봤는데?
어제 비 때문에 힘들었어.
헐 진짜?
오늘 날씨 진짜 좋다.
오 그렇구나.
점심 뭐 먹을래?
나는 치킨.
업무 너무 많다.
휴가 내보는 게 어때?
그럼 내일 보자."
315,일반 대화,"Ducimus 영화 재밌어 보이네.
이야, 놀랍다.
최신 영화 뭐가 좋대?
SF가 인기야.
오늘 날씨 진짜 좋다.
내일은 더 춥대.
점심 뭐 먹을래?
김밥 어때?
프로젝트 언제 끝날까?
아마 다음 달쯤?
오늘 날씨 진짜 좋다.
나도 그렇게 생각했어.
점심 뭐 먹을래?
분식 어때?
오늘은 여기까지 하자."
316,일반 대화,"프로젝트 언제 끝날까?
아마 다음 달쯤?
최근에 본 영화 중 추천할 만한 거 있어?
액션 영화는 Quam 영화가 최고.
여름 휴가 어디 갈 거야?
정말?
Ducimus 영화 재밌어 보이네.
장르가 뭔데?
여름 휴가 어디 갈 거야?
헐 진짜?
어제 비 때문에 힘들었어.
그래서 늦었지?
어제 비 때문에 힘들었어.
다음엔 우산 꼭 챙겨.
해외여행 가고 싶다.
정말?
퇴근하고 연락할게."
317,일반 대화,"비 많이 올 것 같지 않아?
비 올 때 집에서 쉴까?
프로젝트 언제 끝날까?
아마 다음 달쯤?
어제 비 때문에 힘들었어.
나도 젖었어.
여름 휴가 어디 갈 거야?
그렇게 들리네.
여름 휴가 어디 갈 거야?
아직 못 정했어.
최신 영화 뭐가 좋대?
리뷰 확인해봐.
지난 여행 기억나?
다음엔 더 가고 싶어.
치킨 땡긴다.
나도 치킨 좋아해.
퇴근하고 연락할게."
318,일반 대화,"업무 너무 많다.
그건 몰랐네.
최근에 본 영화 중 추천할 만한 거 있어?
Ad 영화 좋았어.
최근에 본 영화 중 추천할 만한 거 있어?
액션 영화는 Eum 영화가 최고.
프로젝트 언제 끝날까?
팀장한테 물어봐야겠네.
치킨 땡긴다.
양념치킨 어때?
점심 뭐 먹을래?
그렇게 들리네.
잘 가!"
319,일반 대화,"프로젝트 언제 끝날까?
재밌네.
여름 휴가 어디 갈 거야?
정말?
프로젝트 언제 끝날까?
정말?
저녁 메뉴 추천해줘.
좋네!
해외여행 가고 싶다.
유럽도 좋지.
어제 비 때문에 힘들었어.
좋네!
치킨 땡긴다.
양념치킨 어때?
오늘 회의 힘들었지?
내일 더 바빠질듯.
퇴근하고 연락할게."
320,일반 대화,"지난 여행 기억나?
다음엔 더 가고 싶어.
최신 영화 뭐가 좋대?
리뷰 확인해봐.
어제 비 때문에 힘들었어.
다음엔 우산 꼭 챙겨.
비 많이 올 것 같지 않아?
응, 우산 챙겨야겠다.
프로젝트 언제 끝날까?
정말?
해외여행 가고 싶다.
돈만 있으면 당장 가지.
어제 비 때문에 힘들었어.
그래서 늦었지?
오늘은 여기까지 하자."
321,일반 대화,"치킨 땡긴다.
음… 글쎄.
오늘 회의 힘들었지?
내일 더 바빠질듯.
점심 뭐 먹을래?
라면 땡겨.
비 많이 올 것 같지 않아?
비 올 때 집에서 쉴까?
주말에 영화 보러 갈래?
난 액션 보고 싶어.
주말에 영화 보러 갈래?
그렇게 들리네.
어제 비 때문에 힘들었어.
다음엔 우산 꼭 챙겨.
조심히 들어가!"
322,일반 대화,"점심 뭐 먹을래?
이야, 놀랍다.
오늘 회의 힘들었지?
응 진짜 길더라.
지난 여행 기억나?
다음엔 더 가고 싶어.
지난 여행 기억나?
사진 다시 봐야겠다.
오늘 날씨 진짜 좋다.
와 대박
지난 여행 기억나?
와 대박
여름 휴가 어디 갈 거야?
이야, 놀랍다.
여름 휴가 어디 갈 거야?
바다 가고 싶어.
치킨 땡긴다.
정말?
그럼 내일 보자."
323,일반 대화,"비 많이 올 것 같지 않아?
헐 진짜?
Ducimus 영화 재밌어 보이네.
나도 그렇게 생각했어.
Ducimus 영화 재밌어 보이네.
정말?
오늘 날씨 진짜 좋다.
그러게, 산책하기 딱 좋네.
저녁 메뉴 추천해줘.
그건 몰랐네.
오늘 회의 힘들었지?
나 졸릴 뻔했어.
어제 본 영화 진짜 재밌었어.
나도 보려고 했는데!
최근에 본 영화 중 추천할 만한 거 있어?
액션 영화는 Eligendi 영화가 최고.
조심히 들어가!"
324,일반 대화,"해외여행 가고 싶다.
맞아, 일본 가고 싶어.
비 많이 올 것 같지 않아?
비 올 때 집에서 쉴까?
프로젝트 언제 끝날까?
와 대박
프로젝트 언제 끝날까?
주말에 좀 해야겠어.
어제 비 때문에 힘들었어.
다음엔 우산 꼭 챙겨.
어제 본 영화 진짜 재밌었어.
헐 진짜?
Ducimus 영화 재밌어 보이네.
헐 진짜?
그럼 내일 보자."
325,일반 대화,"어제 비 때문에 힘들었어.
다음엔 우산 꼭 챙겨.
여름 휴가 어디 갈 거야?
산으로 가고 싶네.
비 많이 올 것 같지 않아?
비 올 때 집에서 쉴까?
프로젝트 언제 끝날까?
아마 다음 달쯤?
비 많이 올 것 같지 않아?
비 올 때 집에서 쉴까?
오늘 날씨 진짜 좋다.
내일은 더 춥대.
프로젝트 언제 끝날까?
아마 다음 달쯤?
어제 본 영화 진짜 재밌었어.
난 별로였어.
어제 비 때문에 힘들었어.
나도 그렇게 생각했어.
조심히 들어가!"
326,일반 대화,"비 많이 올 것 같지 않아?
그러네, 아침에도 흐렸어.
어제 비 때문에 힘들었어.
나도 젖었어.
점심 뭐 먹을래?
좋네!
비 많이 올 것 같지 않아?
비 올 때 집에서 쉴까?
오늘 회의 힘들었지?
정말?
프로젝트 언제 끝날까?
정말?
조심히 들어가!"
327,일반 대화,"오늘 날씨 진짜 좋다.
재밌네.
비 많이 올 것 같지 않아?
응, 우산 챙겨야겠다.
프로젝트 언제 끝날까?
팀장한테 물어봐야겠네.
치킨 땡긴다.
헐 진짜?
지난 여행 기억나?
재밌네.
지난 여행 기억나?
다음엔 더 가고 싶어.
퇴근하고 연락할게."
328,일반 대화,"프로젝트 언제 끝날까?
팀장한테 물어봐야겠네.
점심 뭐 먹을래?
그건 몰랐네.
업무 너무 많다.
와 대박
치킨 땡긴다.
어제도 먹었는데 또?
프로젝트 언제 끝날까?
팀장한테 물어봐야겠네.
여름 휴가 어디 갈 거야?
산으로 가고 싶네.
조심히 들어가!"
329,일반 대화,"비 많이 올 것 같지 않아?
와 대박
저녁 메뉴 추천해줘.
짜장면 어때?
오늘 회의 힘들었지?
응 진짜 길더라.
오늘 회의 힘들었지?
나 졸릴 뻔했어.
해외여행 가고 싶다.
유럽도 좋지.
업무 너무 많다.
그렇게 들리네.
해외여행 가고 싶다.
동남아 어때?
오늘 회의 힘들었지?
나 졸릴 뻔했어.
조심히 들어가!"
330,일반 대화,"Ducimus 영화 재밌어 보이네.
정말?
프로젝트 언제 끝날까?
생각보다 오래 걸릴 듯.
저녁 메뉴 추천해줘.
집밥이 최고야.
업무 너무 많다.
같이 해결하자.
오늘 날씨 진짜 좋다.
내일은 더 춥대.
어제 본 영화 진짜 재밌었어.
음… 글쎄.
오늘 날씨 진짜 좋다.
그러게, 산책하기 딱 좋네.
오늘은 여기까지 하자."
331,일반 대화,"어제 본 영화 진짜 재밌었어.
그건 몰랐네.
업무 너무 많다.
휴가 내보는 게 어때?
지난 여행 기억나?
사진 다시 봐야겠다.
프로젝트 언제 끝날까?
주말에 좀 해야겠어.
업무 너무 많다.
나도 그래.
최근에 본 영화 중 추천할 만한 거 있어?
재밌네.
점심 뭐 먹을래?
헐 진짜?
그럼 내일 보자."
332,일반 대화,"비 많이 올 것 같지 않아?
그러네, 아침에도 흐렸어.
오늘 회의 힘들었지?
나 졸릴 뻔했어.
어제 비 때문에 힘들었어.
다음엔 우산 꼭 챙겨.
지난 여행 기억나?
재밌네.
오늘 회의 힘들었지?
이야, 놀랍다.
오늘 회의 힘들었지?
그래도 끝나서 다행.
저녁 메뉴 추천해줘.
짜장면 어때?
오늘은 여기까지 하자."
333,일반 대화,"업무 너무 많다.
휴가 내보는 게 어때?
주말에 영화 보러 갈래?
난 액션 보고 싶어.
업무 너무 많다.
같이 해결하자.
오늘 회의 힘들었지?
내일 더 바빠질듯.
치킨 땡긴다.
나도 치킨 좋아해.
비 많이 올 것 같지 않아?
응, 우산 챙겨야겠다.
오늘 회의 힘들었지?
그래도 끝나서 다행.
Ducimus 영화 재밌어 보이네.
장르가 뭔데?
오늘은 여기까지 하자."
334,일반 대화,"어제 비 때문에 힘들었어.
그래서 늦었지?
오늘 회의 힘들었지?
헐 진짜?
어제 본 영화 진짜 재밌었어.
나도 보려고 했는데!
점심 뭐 먹을래?
좋네!
비 많이 올 것 같지 않아?
그러네, 아침에도 흐렸어.
오늘 날씨 진짜 좋다.
그러게, 산책하기 딱 좋네.
해외여행 가고 싶다.
유럽도 좋지.
주말에 또 얘기하자."
335,일반 대화,"오늘 회의 힘들었지?
응 진짜 길더라.
주말에 영화 보러 갈래?
난 액션 보고 싶어.
어제 본 영화 진짜 재밌었어.
정말?
어제 본 영화 진짜 재밌었어.
추천해줄까?
최신 영화 뭐가 좋대?
SF가 인기야.
오늘 회의 힘들었지?
재밌네.
지난 여행 기억나?
재밌었지.
퇴근하고 연락할게."
336,일반 대화,"어제 비 때문에 힘들었어.
나도 젖었어.
비 많이 올 것 같지 않아?
응, 우산 챙겨야겠다.
오늘 회의 힘들었지?
재밌네.
저녁 메뉴 추천해줘.
집밥이 최고야.
프로젝트 언제 끝날까?
나도 그렇게 생각했어.
저녁 메뉴 추천해줘.
불고기 어떠신가요?
잘 가!"
337,일반 대화,"비 많이 올 것 같지 않아?
비 올 때 집에서 쉴까?
해외여행 가고 싶다.
유럽도 좋지.
점심 뭐 먹을래?
라면 땡겨.
업무 너무 많다.
이야, 놀랍다.
지난 여행 기억나?
다음엔 더 가고 싶어.
치킨 땡긴다.
좋네!
어제 비 때문에 힘들었어.
나도 젖었어.
여름 휴가 어디 갈 거야?
음… 글쎄.
어제 본 영화 진짜 재밌었어.
난 별로였어.
잘 가!"
338,일반 대화,"어제 본 영화 진짜 재밌었어.
재밌네.
어제 비 때문에 힘들었어.
음… 글쎄.
오늘 날씨 진짜 좋다.
맞아 덥더라.
오늘 날씨 진짜 좋다.
맞아 덥더라.
최근에 본 영화 중 추천할 만한 거 있어?
코미디로 Laudantium 영화 어때?
어제 본 영화 진짜 재밌었어.
오 그렇구나.
업무 너무 많다.
휴가 내보는 게 어때?
주말에 또 얘기하자."
339,일반 대화,"비 많이 올 것 같지 않아?
주말엔 맑다더라.
해외여행 가고 싶다.
음… 글쎄.
어제 비 때문에 힘들었어.
그래서 늦었지?
주말에 영화 보러 갈래?
난 액션 보고 싶어.
비 많이 올 것 같지 않아?
헐 진짜?
오늘 날씨 진짜 좋다.
맞아 덥더라.
저녁 메뉴 추천해줘.
이야, 놀랍다.
점심 뭐 먹을래?
라면 땡겨.
잘 가!"
340,일반 대화,"프로젝트 언제 끝날까?
생각보다 오래 걸릴 듯.
주말에 영화 보러 갈래?
좋아, 무슨 영화 볼까?
Ducimus 영화 재밌어 보이네.
재밌네.
최근에 본 영화 중 추천할 만한 거 있어?
액션 영화는 Eos 영화가 최고.
업무 너무 많다.
휴가 내보는 게 어때?
업무 너무 많다.
오 그렇구나.
최신 영화 뭐가 좋대?
그렇게 들리네.
해외여행 가고 싶다.
동남아 어때?
프로젝트 언제 끝날까?
팀장한테 물어봐야겠네.
그럼 내일 보자."
341,일반 대화,"업무 너무 많다.
헐 진짜?
비 많이 올 것 같지 않아?
비 올 때 집에서 쉴까?
업무 너무 많다.
나도 그래.
점심 뭐 먹을래?
이야, 놀랍다.
프로젝트 언제 끝날까?
생각보다 오래 걸릴 듯.
비 많이 올 것 같지 않아?
주말엔 맑다더라.
오늘 날씨 진짜 좋다.
내일은 더 춥대.
잘 가!"
342,일반 대화,"여름 휴가 어디 갈 거야?
아직 못 정했어.
주말에 영화 보러 갈래?
재밌네.
업무 너무 많다.
휴가 내보는 게 어때?
오늘 회의 힘들었지?
그래도 끝나서 다행.
Ducimus 영화 재밌어 보이네.
장르가 뭔데?
점심 뭐 먹을래?
라면 땡겨.
잘 가!"
343,일반 대화,"최근에 본 영화 중 추천할 만한 거 있어?
액션 영화는 Officia 영화가 최고.
저녁 메뉴 추천해줘.
그건 몰랐네.
프로젝트 언제 끝날까?
팀장한테 물어봐야겠네.
업무 너무 많다.
휴가 내보는 게 어때?
저녁 메뉴 추천해줘.
짜장면 어때?
지난 여행 기억나?
재밌었지.
업무 너무 많다.
휴가 내보는 게 어때?
프로젝트 언제 끝날까?
헐 진짜?
프로젝트 언제 끝날까?
아마 다음 달쯤?
그럼 내일 보자."
344,일반 대화,"어제 본 영화 진짜 재밌었어.
와 대박
치킨 땡긴다.
양념치킨 어때?
해외여행 가고 싶다.
동남아 어때?
오늘 회의 힘들었지?
응 진짜 길더라.
주말에 영화 보러 갈래?
좋아, 무슨 영화 볼까?
오늘 회의 힘들었지?
좋네!
저녁 메뉴 추천해줘.
헐 진짜?
여름 휴가 어디 갈 거야?
태백시 갈까 생각 중이야.
그럼 내일 보자."
345,일반 대화,"저녁 메뉴 추천해줘.
불고기 어떠신가요?
치킨 땡긴다.
헐 진짜?
업무 너무 많다.
같이 해결하자.
어제 비 때문에 힘들었어.
나도 젖었어.
지난 여행 기억나?
사진 다시 봐야겠다.
점심 뭐 먹을래?
오 그렇구나.
퇴근하고 연락할게."
346,일반 대화,"지난 여행 기억나?
이야, 놀랍다.
어제 비 때문에 힘들었어.
그래서 늦었지?
해외여행 가고 싶다.
유럽도 좋지.
오늘 회의 힘들었지?
정말?
치킨 땡긴다.
피자도 괜찮잖아.
비 많이 올 것 같지 않아?
주말엔 맑다더라.
퇴근하고 연락할게."
347,일반 대화,"Ducimus 영화 재밌어 보이네.
정말? 나도 보고 싶다.
오늘 회의 힘들었지?
내일 더 바빠질듯.
오늘 회의 힘들었지?
응 진짜 길더라.
프로젝트 언제 끝날까?
정말?
주말에 영화 보러 갈래?
헐 진짜?
오늘 회의 힘들었지?
내일 더 바빠질듯.
오늘 날씨 진짜 좋다.
좋네!
조심히 들어가!"
348,일반 대화,"저녁 메뉴 추천해줘.
나도 그렇게 생각했어.
점심 뭐 먹을래?
분식 어때?
오늘 날씨 진짜 좋다.
내일은 더 춥대.
오늘 회의 힘들었지?
그래도 끝나서 다행.
업무 너무 많다.
나도 그래.
최근에 본 영화 중 추천할 만한 거 있어?
그렇게 들리네.
업무 너무 많다.
와 대박
지난 여행 기억나?
재밌었지.
오늘은 여기까지 하자."
349,일반 대화,"점심 뭐 먹을래?
분식 어때?
Ducimus 영화 재밌어 보이네.
정말? 나도 보고 싶다.
오늘 회의 힘들었지?
나 졸릴 뻔했어.
저녁 메뉴 추천해줘.
집밥이 최고야.
치킨 땡긴다.
어제도 먹었는데 또?
오늘 회의 힘들었지?
나 졸릴 뻔했어.
주말에 또 얘기하자."
350,일반 대화,"어제 본 영화 진짜 재밌었어.
추천해줄까?
업무 너무 많다.
이야, 놀랍다.
해외여행 가고 싶다.
맞아, 일본 가고 싶어.
오늘 날씨 진짜 좋다.
내일은 더 춥대.
최근에 본 영화 중 추천할 만한 거 있어?
코미디로 Eaque 영화 어때?
프로젝트 언제 끝날까?
이야, 놀랍다.
주말에 영화 보러 갈래?
좋아, 무슨 영화 볼까?
지난 여행 기억나?
사진 다시 봐야겠다.
잘 가!"
351,일반 대화,"오늘 날씨 진짜 좋다.
오 그렇구나.
오늘 날씨 진짜 좋다.
그건 몰랐네.
오늘 날씨 진짜 좋다.
그러게, 산책하기 딱 좋네.
프로젝트 언제 끝날까?
오 그렇구나.
업무 너무 많다.
나도 그렇게 생각했어.
치킨 땡긴다.
양념치킨 어때?
비 많이 올 것 같지 않아?
정말?
해외여행 가고 싶다.
맞아, 일본 가고 싶어.
오늘 회의 힘들었지?
나 졸릴 뻔했어.
그럼 내일 보자."
352,일반 대화,"최근에 본 영화 중 추천할 만한 거 있어?
재밌네.
해외여행 가고 싶다.
이야, 놀랍다.
오늘 회의 힘들었지?
응 진짜 길더라.
오늘 날씨 진짜 좋다.
그러게, 산책하기 딱 좋네.
최신 영화 뭐가 좋대?
좋네!
업무 너무 많다.
나도 그래.
지난 여행 기억나?
다음엔 더 가고 싶어.
주말에 영화 보러 갈래?
난 액션 보고 싶어.
점심 뭐 먹을래?
그건 몰랐네.
잘 가!"
353,일반 대화,"주말에 영화 보러 갈래?
좋네!
업무 너무 많다.
오 그렇구나.
프로젝트 언제 끝날까?
이야, 놀랍다.
여름 휴가 어디 갈 거야?
산으로 가고 싶네.
어제 비 때문에 힘들었어.
그래서 늦었지?
최신 영화 뭐가 좋대?
이야, 놀랍다.
저녁 메뉴 추천해줘.
짜장면 어때?
비 많이 올 것 같지 않아?
오 그렇구나.
퇴근하고 연락할게."
354,일반 대화,"최근에 본 영화 중 추천할 만한 거 있어?
액션 영화는 Et 영화가 최고.
해외여행 가고 싶다.
맞아, 일본 가고 싶어.
업무 너무 많다.
휴가 내보는 게 어때?
프로젝트 언제 끝날까?
팀장한테 물어봐야겠네.
최근에 본 영화 중 추천할 만한 거 있어?
재밌네.
최근에 본 영화 중 추천할 만한 거 있어?
그렇게 들리네.
최신 영화 뭐가 좋대?
SF가 인기야.
Ducimus 영화 재밌어 보이네.
정말? 나도 보고 싶다.
주말에 또 얘기하자."
355,일반 대화,"최근에 본 영화 중 추천할 만한 거 있어?
액션 영화는 Quia 영화가 최고.
저녁 메뉴 추천해줘.
정말?
오늘 회의 힘들었지?
음… 글쎄.
비 많이 올 것 같지 않아?
헐 진짜?
어제 본 영화 진짜 재밌었어.
좋네!
저녁 메뉴 추천해줘.
짜장면 어때?
해외여행 가고 싶다.
맞아, 일본 가고 싶어.
오늘은 여기까지 하자."
356,일반 대화,"프로젝트 언제 끝날까?
주말에 좀 해야겠어.
오늘 회의 힘들었지?
내일 더 바빠질듯.
저녁 메뉴 추천해줘.
헐 진짜?
저녁 메뉴 추천해줘.
집밥이 최고야.
오늘 날씨 진짜 좋다.
맞아 덥더라.
최신 영화 뭐가 좋대?
리뷰 확인해봐.
주말에 또 얘기하자."
357,일반 대화,"오늘 회의 힘들었지?
나 졸릴 뻔했어.
어제 본 영화 진짜 재밌었어.
나도 보려고 했는데!
해외여행 가고 싶다.
음… 글쎄.
여름 휴가 어디 갈 거야?
양주시 갈까 생각 중이야.
점심 뭐 먹을래?
김밥 어때?
저녁 메뉴 추천해줘.
집밥이 최고야.
어제 본 영화 진짜 재밌었어.
이야, 놀랍다.
오늘 회의 힘들었지?
나 졸릴 뻔했어.
업무 너무 많다.
같이 해결하자.
잘 가!"
358,일반 대화,"오늘 회의 힘들었지?
재밌네.
프로젝트 언제 끝날까?
이야, 놀랍다.
프로젝트 언제 끝날까?
생각보다 오래 걸릴 듯.
최신 영화 뭐가 좋대?
SF가 인기야.
Ducimus 영화 재밌어 보이네.
같이 보자!
주말에 영화 보러 갈래?
좋아, 무슨 영화 볼까?
프로젝트 언제 끝날까?
생각보다 오래 걸릴 듯.
주말에 또 얘기하자."
359,일반 대화,"해외여행 가고 싶다.
동남아 어때?
프로젝트 언제 끝날까?
팀장한테 물어봐야겠네.
비 많이 올 것 같지 않아?
응, 우산 챙겨야겠다.
최신 영화 뭐가 좋대?
SF가 인기야.
오늘 회의 힘들었지?
나 졸릴 뻔했어.
점심 뭐 먹을래?
김밥 어때?
저녁 메뉴 추천해줘.
그건 몰랐네.
오늘은 여기까지 하자."
360,일반 대화,"어제 비 때문에 힘들었어.
나도 젖었어.
최근에 본 영화 중 추천할 만한 거 있어?
이야, 놀랍다.
최신 영화 뭐가 좋대?
로맨스도 괜찮지.
Ducimus 영화 재밌어 보이네.
오 그렇구나.
저녁 메뉴 추천해줘.
불고기 어떠신가요?
저녁 메뉴 추천해줘.
짜장면 어때?
해외여행 가고 싶다.
나도 그렇게 생각했어.
잘 가!"
361,일반 대화,"저녁 메뉴 추천해줘.
짜장면 어때?
저녁 메뉴 추천해줘.
좋네!
업무 너무 많다.
같이 해결하자.
프로젝트 언제 끝날까?
주말에 좀 해야겠어.
해외여행 가고 싶다.
맞아, 일본 가고 싶어.
여름 휴가 어디 갈 거야?
그렇게 들리네.
최근에 본 영화 중 추천할 만한 거 있어?
코미디로 Ducimus 영화 어때?
그럼 내일 보자."
362,일반 대화,"비 많이 올 것 같지 않아?
그러네, 아침에도 흐렸어.
해외여행 가고 싶다.
그건 몰랐네.
주말에 영화 보러 갈래?
음… 글쎄.
저녁 메뉴 추천해줘.
집밥이 최고야.
여름 휴가 어디 갈 거야?
바다 가고 싶어.
최신 영화 뭐가 좋대?
나도 그렇게 생각했어.
점심 뭐 먹을래?
재밌네.
어제 본 영화 진짜 재밌었어.
정말?
조심히 들어가!"
363,일반 대화,"어제 비 때문에 힘들었어.
정말?
점심 뭐 먹을래?
와 대박
치킨 땡긴다.
나도 치킨 좋아해.
어제 비 때문에 힘들었어.
재밌네.
지난 여행 기억나?
다음엔 더 가고 싶어.
프로젝트 언제 끝날까?
오 그렇구나.
저녁 메뉴 추천해줘.
집밥이 최고야.
주말에 영화 보러 갈래?
난 액션 보고 싶어.
잘 가!"
364,일반 대화,"치킨 땡긴다.
어제도 먹었는데 또?
치킨 땡긴다.
피자도 괜찮잖아.
최근에 본 영화 중 추천할 만한 거 있어?
액션 영화는 Commodi 영화가 최고.
주말에 영화 보러 갈래?
정말?
어제 본 영화 진짜 재밌었어.
그건 몰랐네.
저녁 메뉴 추천해줘.
불고기 어떠신가요?
지난 여행 기억나?
사진 다시 봐야겠다.
해외여행 가고 싶다.
정말?
비 많이 올 것 같지 않아?
주말엔 맑다더라.
퇴근하고 연락할게."
365,일반 대화,"주말에 영화 보러 갈래?
난 액션 보고 싶어.
여름 휴가 어디 갈 거야?
아직 못 정했어.
점심 뭐 먹을래?
나는 치킨.
여름 휴가 어디 갈 거야?
바다 가고 싶어.
비 많이 올 것 같지 않아?
그러네, 아침에도 흐렸어.
오늘 회의 힘들었지?
내일 더 바빠질듯.
잘 가!"
366,일반 대화,"오늘 회의 힘들었지?
내일 더 바빠질듯.
여름 휴가 어디 갈 거야?
산으로 가고 싶네.
최신 영화 뭐가 좋대?
리뷰 확인해봐.
지난 여행 기억나?
재밌었지.
점심 뭐 먹을래?
나는 치킨.
비 많이 올 것 같지 않아?
주말엔 맑다더라.
지난 여행 기억나?
사진 다시 봐야겠다.
최신 영화 뭐가 좋대?
SF가 인기야.
저녁 메뉴 추천해줘.
짜장면 어때?
퇴근하고 연락할게."
367,일반 대화,"치킨 땡긴다.
나도 치킨 좋아해.
Ducimus 영화 재밌어 보이네.
장르가 뭔데?
해외여행 가고 싶다.
동남아 어때?
오늘 회의 힘들었지?
재밌네.
저녁 메뉴 추천해줘.
불고기 어떠신가요?
주말에 영화 보러 갈래?
난 액션 보고 싶어.
주말에 영화 보러 갈래?
난 액션 보고 싶어.
그럼 내일 보자."
368,일반 대화,"여름 휴가 어디 갈 거야?
나도 그렇게 생각했어.
프로젝트 언제 끝날까?
아마 다음 달쯤?
오늘 날씨 진짜 좋다.
햇볕이 따뜻하네.
오늘 날씨 진짜 좋다.
그러게, 산책하기 딱 좋네.
Ducimus 영화 재밌어 보이네.
같이 보자!
비 많이 올 것 같지 않아?
오 그렇구나.
오늘은 여기까지 하자."
369,일반 대화,"어제 본 영화 진짜 재밌었어.
추천해줄까?
오늘 회의 힘들었지?
그래도 끝나서 다행.
주말에 영화 보러 갈래?
난 액션 보고 싶어.
최근에 본 영화 중 추천할 만한 거 있어?
그렇게 들리네.
저녁 메뉴 추천해줘.
짜장면 어때?
최신 영화 뭐가 좋대?
SF가 인기야.
오늘은 여기까지 하자."
370,일반 대화,"비 많이 올 것 같지 않아?
주말엔 맑다더라.
업무 너무 많다.
그렇게 들리네.
해외여행 가고 싶다.
그건 몰랐네.
오늘 회의 힘들었지?
나 졸릴 뻔했어.
해외여행 가고 싶다.
정말?
여름 휴가 어디 갈 거야?
바다 가고 싶어.
그럼 내일 보자."
371,일반 대화,"최신 영화 뭐가 좋대?
재밌네.
저녁 메뉴 추천해줘.
불고기 어떠신가요?
업무 너무 많다.
같이 해결하자.
점심 뭐 먹을래?
나는 치킨.
비 많이 올 것 같지 않아?
주말엔 맑다더라.
오늘 날씨 진짜 좋다.
내일은 더 춥대.
점심 뭐 먹을래?
나도 그렇게 생각했어.
조심히 들어가!"
372,일반 대화,"오늘 회의 힘들었지?
그래도 끝나서 다행.
오늘 회의 힘들었지?
음… 글쎄.
해외여행 가고 싶다.
동남아 어때?
업무 너무 많다.
나도 그래.
점심 뭐 먹을래?
분식 어때?
점심 뭐 먹을래?
라면 땡겨.
지난 여행 기억나?
다음엔 더 가고 싶어.
비 많이 올 것 같지 않아?
헐 진짜?
퇴근하고 연락할게."
373,일반 대화,"해외여행 가고 싶다.
맞아, 일본 가고 싶어.
프로젝트 언제 끝날까?
아마 다음 달쯤?
지난 여행 기억나?
사진 다시 봐야겠다.
Ducimus 영화 재밌어 보이네.
장르가 뭔데?
주말에 영화 보러 갈래?
와 대박
오늘 회의 힘들었지?
와 대박
조심히 들어가!"
374,일반 대화,"오늘 날씨 진짜 좋다.
그렇게 들리네.
프로젝트 언제 끝날까?
정말?
지난 여행 기억나?
사진 다시 봐야겠다.
프로젝트 언제 끝날까?
팀장한테 물어봐야겠네.
오늘 날씨 진짜 좋다.
와 대박
업무 너무 많다.
헐 진짜?
어제 비 때문에 힘들었어.
그래서 늦었지?
잘 가!"
375,일반 대화,"업무 너무 많다.
같이 해결하자.
업무 너무 많다.
휴가 내보는 게 어때?
점심 뭐 먹을래?
김밥 어때?
최신 영화 뭐가 좋대?
나도 그렇게 생각했어.
주말에 영화 보러 갈래?
코미디 어때?
프로젝트 언제 끝날까?
주말에 좀 해야겠어.
오늘은 여기까지 하자."
376,일반 대화,"해외여행 가고 싶다.
맞아, 일본 가고 싶어.
점심 뭐 먹을래?
나는 치킨.
오늘 회의 힘들었지?
나 졸릴 뻔했어.
지난 여행 기억나?
사진 다시 봐야겠다.
업무 너무 많다.
같이 해결하자.
최근에 본 영화 중 추천할 만한 거 있어?
오 그렇구나.
비 많이 올 것 같지 않아?
이야, 놀랍다.
저녁 메뉴 추천해줘.
짜장면 어때?
잘 가!"
377,일반 대화,"어제 비 때문에 힘들었어.
다음엔 우산 꼭 챙겨.
여름 휴가 어디 갈 거야?
산으로 가고 싶네.
지난 여행 기억나?
다음엔 더 가고 싶어.
프로젝트 언제 끝날까?
아마 다음 달쯤?
해외여행 가고 싶다.
돈만 있으면 당장 가지.
지난 여행 기억나?
재밌었지.
어제 본 영화 진짜 재밌었어.
뭐 봤는데?
지난 여행 기억나?
사진 다시 봐야겠다.
오늘은 여기까지 하자."
378,일반 대화,"프로젝트 언제 끝날까?
팀장한테 물어봐야겠네.
치킨 땡긴다.
그건 몰랐네.
해외여행 가고 싶다.
맞아, 일본 가고 싶어.
저녁 메뉴 추천해줘.
와 대박
최신 영화 뭐가 좋대?
로맨스도 괜찮지.
비 많이 올 것 같지 않아?
주말엔 맑다더라.
점심 뭐 먹을래?
라면 땡겨.
지난 여행 기억나?
다음엔 더 가고 싶어.
오늘은 여기까지 하자."
379,일반 대화,"비 많이 올 것 같지 않아?
오 그렇구나.
여름 휴가 어디 갈 거야?
안양시 만안구 갈까 생각 중이야.
지난 여행 기억나?
와 대박
프로젝트 언제 끝날까?
생각보다 오래 걸릴 듯.
오늘 날씨 진짜 좋다.
그러게, 산책하기 딱 좋네.
오늘 회의 힘들었지?
오 그렇구나.
해외여행 가고 싶다.
동남아 어때?
조심히 들어가!"
380,일반 대화,"저녁 메뉴 추천해줘.
불고기 어떠신가요?
오늘 회의 힘들었지?
나 졸릴 뻔했어.
저녁 메뉴 추천해줘.
헐 진짜?
프로젝트 언제 끝날까?
생각보다 오래 걸릴 듯.
프로젝트 언제 끝날까?
생각보다 오래 걸릴 듯.
점심 뭐 먹을래?
분식 어때?
퇴근하고 연락할게."
381,일반 대화,"해외여행 가고 싶다.
그건 몰랐네.
치킨 땡긴다.
그렇게 들리네.
최근에 본 영화 중 추천할 만한 거 있어?
Quas 영화 좋았어.
해외여행 가고 싶다.
유럽도 좋지.
업무 너무 많다.
휴가 내보는 게 어때?
오늘 회의 힘들었지?
음… 글쎄.
퇴근하고 연락할게."
382,일반 대화,"점심 뭐 먹을래?
분식 어때?
지난 여행 기억나?
재밌었지.
오늘 날씨 진짜 좋다.
이야, 놀랍다.
저녁 메뉴 추천해줘.
짜장면 어때?
여름 휴가 어디 갈 거야?
바다 가고 싶어.
최신 영화 뭐가 좋대?
음… 글쎄.
업무 너무 많다.
와 대박
오늘 회의 힘들었지?
음… 글쎄.
Ducimus 영화 재밌어 보이네.
정말?
잘 가!"
383,일반 대화,"치킨 땡긴다.
오 그렇구나.
주말에 영화 보러 갈래?
난 액션 보고 싶어.
어제 비 때문에 힘들었어.
나도 젖었어.
오늘 회의 힘들었지?
정말?
오늘 날씨 진짜 좋다.
맞아 덥더라.
여름 휴가 어디 갈 거야?
산으로 가고 싶네.
치킨 땡긴다.
음… 글쎄.
저녁 메뉴 추천해줘.
오 그렇구나.
비 많이 올 것 같지 않아?
그러네, 아침에도 흐렸어.
잘 가!"
384,일반 대화,"점심 뭐 먹을래?
분식 어때?
업무 너무 많다.
휴가 내보는 게 어때?
어제 비 때문에 힘들었어.
나도 젖었어.
어제 비 때문에 힘들었어.
그래서 늦었지?
여름 휴가 어디 갈 거야?
아직 못 정했어.
비 많이 올 것 같지 않아?
주말엔 맑다더라.
해외여행 가고 싶다.
헐 진짜?
퇴근하고 연락할게."
385,일반 대화,"Ducimus 영화 재밌어 보이네.
장르가 뭔데?
어제 비 때문에 힘들었어.
오 그렇구나.
해외여행 가고 싶다.
좋네!
저녁 메뉴 추천해줘.
집밥이 최고야.
어제 비 때문에 힘들었어.
다음엔 우산 꼭 챙겨.
프로젝트 언제 끝날까?
주말에 좀 해야겠어.
그럼 내일 보자."
386,일반 대화,"오늘 회의 힘들었지?
나 졸릴 뻔했어.
점심 뭐 먹을래?
분식 어때?
치킨 땡긴다.
좋네!
어제 본 영화 진짜 재밌었어.
헐 진짜?
오늘 회의 힘들었지?
그래도 끝나서 다행.
여름 휴가 어디 갈 거야?
아직 못 정했어.
어제 본 영화 진짜 재밌었어.
추천해줄까?
주말에 또 얘기하자."
387,일반 대화,"오늘 날씨 진짜 좋다.
햇볕이 따뜻하네.
비 많이 올 것 같지 않아?
정말?
최신 영화 뭐가 좋대?
SF가 인기야.
어제 비 때문에 힘들었어.
나도 젖었어.
여름 휴가 어디 갈 거야?
의왕시 갈까 생각 중이야.
치킨 땡긴다.
피자도 괜찮잖아.
그럼 내일 보자."
388,일반 대화,"최신 영화 뭐가 좋대?
로맨스도 괜찮지.
여름 휴가 어디 갈 거야?
용인시 갈까 생각 중이야.
어제 비 때문에 힘들었어.
다음엔 우산 꼭 챙겨.
프로젝트 언제 끝날까?
팀장한테 물어봐야겠네.
오늘 날씨 진짜 좋다.
그렇게 들리네.
지난 여행 기억나?
재밌었지.
해외여행 가고 싶다.
와 대박
비 많이 올 것 같지 않아?
주말엔 맑다더라.
지난 여행 기억나?
사진 다시 봐야겠다.
오늘은 여기까지 하자."
389,일반 대화,"여름 휴가 어디 갈 거야?
진천군 갈까 생각 중이야.
저녁 메뉴 추천해줘.
음… 글쎄.
오늘 회의 힘들었지?
좋네!
어제 본 영화 진짜 재밌었어.
뭐 봤는데?
지난 여행 기억나?
다음엔 더 가고 싶어.
오늘 날씨 진짜 좋다.
그러게, 산책하기 딱 좋네.
최근에 본 영화 중 추천할 만한 거 있어?
음… 글쎄.
최신 영화 뭐가 좋대?
음… 글쎄.
그럼 내일 보자."
390,일반 대화,"오늘 날씨 진짜 좋다.
햇볕이 따뜻하네.
해외여행 가고 싶다.
음… 글쎄.
여름 휴가 어디 갈 거야?
아직 못 정했어.
어제 본 영화 진짜 재밌었어.
추천해줄까?
업무 너무 많다.
같이 해결하자.
여름 휴가 어디 갈 거야?
양양군 갈까 생각 중이야.
오늘 회의 힘들었지?
그건 몰랐네.
조심히 들어가!"
391,일반 대화,"주말에 영화 보러 갈래?
난 액션 보고 싶어.
오늘 날씨 진짜 좋다.
내일은 더 춥대.
저녁 메뉴 추천해줘.
집밥이 최고야.
치킨 땡긴다.
양념치킨 어때?
Ducimus 영화 재밌어 보이네.
장르가 뭔데?
최근에 본 영화 중 추천할 만한 거 있어?
액션 영화는 Quo 영화가 최고.
오늘은 여기까지 하자."
392,일반 대화,"여름 휴가 어디 갈 거야?
이야, 놀랍다.
오늘 회의 힘들었지?
그래도 끝나서 다행.
해외여행 가고 싶다.
그건 몰랐네.
어제 비 때문에 힘들었어.
그건 몰랐네.
점심 뭐 먹을래?
라면 땡겨.
어제 비 때문에 힘들었어.
나도 젖었어.
오늘은 여기까지 하자."
393,일반 대화,"오늘 날씨 진짜 좋다.
내일은 더 춥대.
어제 비 때문에 힘들었어.
나도 젖었어.
최신 영화 뭐가 좋대?
로맨스도 괜찮지.
치킨 땡긴다.
와 대박
Ducimus 영화 재밌어 보이네.
정말? 나도 보고 싶다.
최신 영화 뭐가 좋대?
SF가 인기야.
그럼 내일 보자."
394,일반 대화,"프로젝트 언제 끝날까?
헐 진짜?
오늘 날씨 진짜 좋다.
햇볕이 따뜻하네.
업무 너무 많다.
그건 몰랐네.
지난 여행 기억나?
재밌었지.
점심 뭐 먹을래?
나는 치킨.
해외여행 가고 싶다.
돈만 있으면 당장 가지.
어제 본 영화 진짜 재밌었어.
난 별로였어.
잘 가!"
395,일반 대화,"점심 뭐 먹을래?
분식 어때?
치킨 땡긴다.
양념치킨 어때?
지난 여행 기억나?
사진 다시 봐야겠다.
오늘 회의 힘들었지?
이야, 놀랍다.
점심 뭐 먹을래?
분식 어때?
여름 휴가 어디 갈 거야?
산으로 가고 싶네.
해외여행 가고 싶다.
헐 진짜?
여름 휴가 어디 갈 거야?
양주시 갈까 생각 중이야.
어제 비 때문에 힘들었어.
음… 글쎄.
퇴근하고 연락할게."
396,일반 대화,"비 많이 올 것 같지 않아?
재밌네.
Ducimus 영화 재밌어 보이네.
와 대박
비 많이 올 것 같지 않아?
주말엔 맑다더라.
최신 영화 뭐가 좋대?
SF가 인기야.
업무 너무 많다.
휴가 내보는 게 어때?
어제 본 영화 진짜 재밌었어.
그건 몰랐네.
조심히 들어가!"
397,일반 대화,"여름 휴가 어디 갈 거야?
바다 가고 싶어.
프로젝트 언제 끝날까?
생각보다 오래 걸릴 듯.
치킨 땡긴다.
어제도 먹었는데 또?
어제 비 때문에 힘들었어.
그래서 늦었지?
프로젝트 언제 끝날까?
이야, 놀랍다.
오늘 날씨 진짜 좋다.
햇볕이 따뜻하네.
프로젝트 언제 끝날까?
그건 몰랐네.
해외여행 가고 싶다.
맞아, 일본 가고 싶어.
조심히 들어가!"
398,일반 대화,"프로젝트 언제 끝날까?
주말에 좀 해야겠어.
프로젝트 언제 끝날까?
팀장한테 물어봐야겠네.
점심 뭐 먹을래?
김밥 어때?
최근에 본 영화 중 추천할 만한 거 있어?
오 그렇구나.
해외여행 가고 싶다.
유럽도 좋지.
업무 너무 많다.
휴가 내보는 게 어때?
치킨 땡긴다.
나도 그렇게 생각했어.
점심 뭐 먹을래?
나도 그렇게 생각했어.
잘 가!"
399,일반 대화,"오늘 회의 힘들었지?
나 졸릴 뻔했어.
어제 비 때문에 힘들었어.
다음엔 우산 꼭 챙겨.
오늘 회의 힘들었지?
응 진짜 길더라.
오늘 회의 힘들었지?
응 진짜 길더라.
프로젝트 언제 끝날까?
그건 몰랐네.
주말에 영화 보러 갈래?
와 대박
업무 너무 많다.
그건 몰랐네.
프로젝트 언제 끝날까?
좋네!
주말에 또 얘기하자."
400,일반 대화,"프로젝트 언제 끝날까?
생각보다 오래 걸릴 듯.
어제 비 때문에 힘들었어.
그래서 늦었지?
오늘 회의 힘들었지?
그래도 끝나서 다행.
저녁 메뉴 추천해줘.
그건 몰랐네.
어제 비 때문에 힘들었어.
재밌네.
어제 비 때문에 힘들었어.
그래서 늦었지?
저녁 메뉴 추천해줘.
짜장면 어때?
그럼 내일 보자."
401,일반 대화,"비 많이 올 것 같지 않아?
주말엔 맑다더라.
어제 비 때문에 힘들었어.
나도 젖었어.
어제 본 영화 진짜 재밌었어.
추천해줄까?
업무 너무 많다.
같이 해결하자.
어제 비 때문에 힘들었어.
그래서 늦었지?
어제 본 영화 진짜 재밌었어.
나도 보려고 했는데!
퇴근하고 연락할게."
402,일반 대화,"점심 뭐 먹을래?
분식 어때?
지난 여행 기억나?
다음엔 더 가고 싶어.
어제 본 영화 진짜 재밌었어.
나도 그렇게 생각했어.
치킨 땡긴다.
나도 치킨 좋아해.
저녁 메뉴 추천해줘.
집밥이 최고야.
프로젝트 언제 끝날까?
주말에 좀 해야겠어.
프로젝트 언제 끝날까?
좋네!
어제 본 영화 진짜 재밌었어.
나도 보려고 했는데!
주말에 또 얘기하자."
403,일반 대화,"오늘 회의 힘들었지?
나 졸릴 뻔했어.
오늘 날씨 진짜 좋다.
그러게, 산책하기 딱 좋네.
Ducimus 영화 재밌어 보이네.
정말? 나도 보고 싶다.
주말에 영화 보러 갈래?
시간 맞으면 보자.
비 많이 올 것 같지 않아?
나도 그렇게 생각했어.
해외여행 가고 싶다.
맞아, 일본 가고 싶어.
오늘 날씨 진짜 좋다.
내일은 더 춥대.
주말에 또 얘기하자."
404,일반 대화,"어제 비 때문에 힘들었어.
다음엔 우산 꼭 챙겨.
최근에 본 영화 중 추천할 만한 거 있어?
재밌네.
오늘 회의 힘들었지?
내일 더 바빠질듯.
주말에 영화 보러 갈래?
시간 맞으면 보자.
저녁 메뉴 추천해줘.
집밥이 최고야.
지난 여행 기억나?
다음엔 더 가고 싶어.
프로젝트 언제 끝날까?
와 대박
오늘은 여기까지 하자."
405,일반 대화,"점심 뭐 먹을래?
헐 진짜?
오늘 회의 힘들었지?
헐 진짜?
어제 비 때문에 힘들었어.
나도 그렇게 생각했어.
주말에 영화 보러 갈래?
좋아, 무슨 영화 볼까?
어제 비 때문에 힘들었어.
다음엔 우산 꼭 챙겨.
업무 너무 많다.
휴가 내보는 게 어때?
여름 휴가 어디 갈 거야?
아직 못 정했어.
조심히 들어가!"
406,일반 대화,"지난 여행 기억나?
사진 다시 봐야겠다.
점심 뭐 먹을래?
분식 어때?
최근에 본 영화 중 추천할 만한 거 있어?
나도 그렇게 생각했어.
최신 영화 뭐가 좋대?
SF가 인기야.
어제 본 영화 진짜 재밌었어.
난 별로였어.
Ducimus 영화 재밌어 보이네.
장르가 뭔데?
Ducimus 영화 재밌어 보이네.
오 그렇구나.
오늘 회의 힘들었지?
나 졸릴 뻔했어.
조심히 들어가!"
407,일반 대화,"최신 영화 뭐가 좋대?
정말?
비 많이 올 것 같지 않아?
비 올 때 집에서 쉴까?
해외여행 가고 싶다.
그렇게 들리네.
최근에 본 영화 중 추천할 만한 거 있어?
Numquam 영화 좋았어.
오늘 날씨 진짜 좋다.
내일은 더 춥대.
프로젝트 언제 끝날까?
주말에 좀 해야겠어.
주말에 영화 보러 갈래?
시간 맞으면 보자.
주말에 또 얘기하자."
408,일반 대화,"어제 본 영화 진짜 재밌었어.
추천해줄까?
주말에 영화 보러 갈래?
좋아, 무슨 영화 볼까?
비 많이 올 것 같지 않아?
그러네, 아침에도 흐렸어.
여름 휴가 어디 갈 거야?
동해시 갈까 생각 중이야.
저녁 메뉴 추천해줘.
와 대박
해외여행 가고 싶다.
맞아, 일본 가고 싶어.
오늘 회의 힘들었지?
그래도 끝나서 다행.
지난 여행 기억나?
다음엔 더 가고 싶어.
치킨 땡긴다.
와 대박
그럼 내일 보자."
409,일반 대화,"여름 휴가 어디 갈 거야?
산으로 가고 싶네.
최근에 본 영화 중 추천할 만한 거 있어?
코미디로 Consequatur 영화 어때?
업무 너무 많다.
오 그렇구나.
저녁 메뉴 추천해줘.
불고기 어떠신가요?
어제 비 때문에 힘들었어.
음… 글쎄.
오늘 회의 힘들었지?
그래도 끝나서 다행.
최근에 본 영화 중 추천할 만한 거 있어?
액션 영화는 Non 영화가 최고.
주말에 또 얘기하자."
410,일반 대화,"해외여행 가고 싶다.
재밌네.
최신 영화 뭐가 좋대?
SF가 인기야.
오늘 회의 힘들었지?
응 진짜 길더라.
치킨 땡긴다.
양념치킨 어때?
오늘 날씨 진짜 좋다.
맞아 덥더라.
최신 영화 뭐가 좋대?
로맨스도 괜찮지.
주말에 또 얘기하자."
411,일반 대화,"여름 휴가 어디 갈 거야?
바다 가고 싶어.
점심 뭐 먹을래?
김밥 어때?
업무 너무 많다.
그렇게 들리네.
비 많이 올 것 같지 않아?
비 올 때 집에서 쉴까?
오늘 날씨 진짜 좋다.
햇볕이 따뜻하네.
주말에 영화 보러 갈래?
와 대박
최근에 본 영화 중 추천할 만한 거 있어?
코미디로 Recusandae 영화 어때?
저녁 메뉴 추천해줘.
집밥이 최고야.
잘 가!"
412,일반 대화,"점심 뭐 먹을래?
오 그렇구나.
오늘 날씨 진짜 좋다.
맞아 덥더라.
치킨 땡긴다.
오 그렇구나.
주말에 영화 보러 갈래?
시간 맞으면 보자.
해외여행 가고 싶다.
유럽도 좋지.
여름 휴가 어디 갈 거야?
산으로 가고 싶네.
오늘 날씨 진짜 좋다.
와 대박
비 많이 올 것 같지 않아?
주말엔 맑다더라.
주말에 또 얘기하자."
413,일반 대화,"비 많이 올 것 같지 않아?
응, 우산 챙겨야겠다.
치킨 땡긴다.
헐 진짜?
어제 본 영화 진짜 재밌었어.
나도 보려고 했는데!
주말에 영화 보러 갈래?
코미디 어때?
업무 너무 많다.
같이 해결하자.
어제 비 때문에 힘들었어.
그래서 늦었지?
해외여행 가고 싶다.
동남아 어때?
점심 뭐 먹을래?
나는 치킨.
퇴근하고 연락할게."
414,일반 대화,"비 많이 올 것 같지 않아?
그렇게 들리네.
점심 뭐 먹을래?
정말?
지난 여행 기억나?
다음엔 더 가고 싶어.
최신 영화 뭐가 좋대?
재밌네.
최신 영화 뭐가 좋대?
정말?
치킨 땡긴다.
어제도 먹었는데 또?
저녁 메뉴 추천해줘.
집밥이 최고야.
오늘 회의 힘들었지?
그래도 끝나서 다행.
잘 가!"
415,일반 대화,"주말에 영화 보러 갈래?
코미디 어때?
저녁 메뉴 추천해줘.
집밥이 최고야.
어제 비 때문에 힘들었어.
그래서 늦었지?
프로젝트 언제 끝날까?
와 대박
오늘 회의 힘들었지?
오 그렇구나.
오늘 날씨 진짜 좋다.
내일은 더 춥대.
조심히 들어가!"
416,일반 대화,"비 많이 올 것 같지 않아?
응, 우산 챙겨야겠다.
어제 비 때문에 힘들었어.
그래서 늦었지?
지난 여행 기억나?
다음엔 더 가고 싶어.
Ducimus 영화 재밌어 보이네.
장르가 뭔데?
저녁 메뉴 추천해줘.
짜장면 어때?
Ducimus 영화 재밌어 보이네.
정말? 나도 보고 싶다.
Ducimus 영화 재밌어 보이네.
정말? 나도 보고 싶다.
어제 본 영화 진짜 재밌었어.
난 별로였어.
잘 가!"
417,일반 대화,"업무 너무 많다.
나도 그래.
어제 본 영화 진짜 재밌었어.
나도 보려고 했는데!
여름 휴가 어디 갈 거야?
바다 가고 싶어.
업무 너무 많다.
나도 그래.
업무 너무 많다.
나도 그래.
해외여행 가고 싶다.
그렇게 들리네.
저녁 메뉴 추천해줘.
짜장면 어때?
조심히 들어가!"
418,일반 대화,"업무 너무 많다.
휴가 내보는 게 어때?
업무 너무 많다.
재밌네.
지난 여행 기억나?
사진 다시 봐야겠다.
어제 비 때문에 힘들었어.
다음엔 우산 꼭 챙겨.
해외여행 가고 싶다.
돈만 있으면 당장 가지.
업무 너무 많다.
같이 해결하자.
여름 휴가 어디 갈 거야?
산으로 가고 싶네.
해외여행 가고 싶다.
오 그렇구나.
퇴근하고 연락할게."
419,일반 대화,"오늘 날씨 진짜 좋다.
내일은 더 춥대.
최신 영화 뭐가 좋대?
리뷰 확인해봐.
Ducimus 영화 재밌어 보이네.
장르가 뭔데?
프로젝트 언제 끝날까?
주말에 좀 해야겠어.
어제 비 때문에 힘들었어.
재밌네.
비 많이 올 것 같지 않아?
응, 우산 챙겨야겠다.
퇴근하고 연락할게."
420,일반 대화,"오늘 날씨 진짜 좋다.
내일은 더 춥대.
어제 비 때문에 힘들었어.
그렇게 들리네.
어제 비 때문에 힘들었어.
정말?
오늘 회의 힘들었지?
나 졸릴 뻔했어.
Ducimus 영화 재밌어 보이네.
장르가 뭔데?
프로젝트 언제 끝날까?
그렇게 들리네.
점심 뭐 먹을래?
나는 치킨.
오늘 회의 힘들었지?
내일 더 바빠질듯.
비 많이 올 것 같지 않아?
재밌네.
퇴근하고 연락할게."
421,일반 대화,"업무 너무 많다.
나도 그래.
업무 너무 많다.
휴가 내보는 게 어때?
비 많이 올 것 같지 않아?
주말엔 맑다더라.
해외여행 가고 싶다.
돈만 있으면 당장 가지.
저녁 메뉴 추천해줘.
집밥이 최고야.
최근에 본 영화 중 추천할 만한 거 있어?
Accusantium 영화 좋았어.
최근에 본 영화 중 추천할 만한 거 있어?
코미디로 Quod 영화 어때?
주말에 또 얘기하자."
422,일반 대화,"어제 비 때문에 힘들었어.
다음엔 우산 꼭 챙겨.
비 많이 올 것 같지 않아?
비 올 때 집에서 쉴까?
업무 너무 많다.
음… 글쎄.
Ducimus 영화 재밌어 보이네.
장르가 뭔데?
어제 본 영화 진짜 재밌었어.
추천해줄까?
어제 비 때문에 힘들었어.
다음엔 우산 꼭 챙겨.
오늘 회의 힘들었지?
헐 진짜?
그럼 내일 보자."
423,일반 대화,"비 많이 올 것 같지 않아?
비 올 때 집에서 쉴까?
비 많이 올 것 같지 않아?
정말?
지난 여행 기억나?
재밌었지.
점심 뭐 먹을래?
김밥 어때?
해외여행 가고 싶다.
맞아, 일본 가고 싶어.
여름 휴가 어디 갈 거야?
재밌네.
비 많이 올 것 같지 않아?
응, 우산 챙겨야겠다.
주말에 영화 보러 갈래?
시간 맞으면 보자.
퇴근하고 연락할게."
424,일반 대화,"치킨 땡긴다.
헐 진짜?
저녁 메뉴 추천해줘.
짜장면 어때?
치킨 땡긴다.
나도 치킨 좋아해.
지난 여행 기억나?
사진 다시 봐야겠다.
어제 본 영화 진짜 재밌었어.
뭐 봤는데?
비 많이 올 것 같지 않아?
주말엔 맑다더라.
주말에 영화 보러 갈래?
좋아, 무슨 영화 볼까?
업무 너무 많다.
휴가 내보는 게 어때?
퇴근하고 연락할게."
425,일반 대화,"저녁 메뉴 추천해줘.
집밥이 최고야.
업무 너무 많다.
같이 해결하자.
여름 휴가 어디 갈 거야?
산으로 가고 싶네.
프로젝트 언제 끝날까?
정말?
오늘 회의 힘들었지?
응 진짜 길더라.
프로젝트 언제 끝날까?
아마 다음 달쯤?
여름 휴가 어디 갈 거야?
증평군 갈까 생각 중이야.
최신 영화 뭐가 좋대?
SF가 인기야.
퇴근하고 연락할게."
426,일반 대화,"저녁 메뉴 추천해줘.
짜장면 어때?
지난 여행 기억나?
와 대박
여름 휴가 어디 갈 거야?
헐 진짜?
저녁 메뉴 추천해줘.
짜장면 어때?
비 많이 올 것 같지 않아?
응, 우산 챙겨야겠다.
최근에 본 영화 중 추천할 만한 거 있어?
Consequatur 영화 좋았어.
저녁 메뉴 추천해줘.
집밥이 최고야.
저녁 메뉴 추천해줘.
불고기 어떠신가요?
잘 가!"
427,일반 대화,"비 많이 올 것 같지 않아?
오 그렇구나.
해외여행 가고 싶다.
맞아, 일본 가고 싶어.
저녁 메뉴 추천해줘.
집밥이 최고야.
어제 비 때문에 힘들었어.
나도 그렇게 생각했어.
여름 휴가 어디 갈 거야?
아직 못 정했어.
주말에 영화 보러 갈래?
헐 진짜?
어제 비 때문에 힘들었어.
다음엔 우산 꼭 챙겨.
어제 비 때문에 힘들었어.
정말?
어제 비 때문에 힘들었어.
나도 그렇게 생각했어.
잘 가!"
428,일반 대화,"비 많이 올 것 같지 않아?
주말엔 맑다더라.
업무 너무 많다.
같이 해결하자.
최근에 본 영화 중 추천할 만한 거 있어?
헐 진짜?
치킨 땡긴다.
어제도 먹었는데 또?
치킨 땡긴다.
나도 치킨 좋아해.
점심 뭐 먹을래?
김밥 어때?
조심히 들어가!"
429,일반 대화,"점심 뭐 먹을래?
김밥 어때?
업무 너무 많다.
휴가 내보는 게 어때?
치킨 땡긴다.
정말?
해외여행 가고 싶다.
돈만 있으면 당장 가지.
최신 영화 뭐가 좋대?
SF가 인기야.
주말에 영화 보러 갈래?
재밌네.
저녁 메뉴 추천해줘.
집밥이 최고야.
어제 비 때문에 힘들었어.
나도 그렇게 생각했어.
오늘은 여기까지 하자."
430,일반 대화,"치킨 땡긴다.
오 그렇구나.
지난 여행 기억나?
재밌었지.
어제 비 때문에 힘들었어.
나도 젖었어.
프로젝트 언제 끝날까?
아마 다음 달쯤?
최신 영화 뭐가 좋대?
로맨스도 괜찮지.
프로젝트 언제 끝날까?
생각보다 오래 걸릴 듯.
잘 가!"
431,일반 대화,"오늘 날씨 진짜 좋다.
맞아 덥더라.
최신 영화 뭐가 좋대?
이야, 놀랍다.
오늘 회의 힘들었지?
나 졸릴 뻔했어.
최근에 본 영화 중 추천할 만한 거 있어?
액션 영화는 Et 영화가 최고.
주말에 영화 보러 갈래?
좋네!
어제 비 때문에 힘들었어.
나도 젖었어.
업무 너무 많다.
나도 그래.
업무 너무 많다.
와 대박
잘 가!"
432,일반 대화,"비 많이 올 것 같지 않아?
주말엔 맑다더라.
점심 뭐 먹을래?
김밥 어때?
어제 본 영화 진짜 재밌었어.
그건 몰랐네.
최근에 본 영화 중 추천할 만한 거 있어?
코미디로 Ea 영화 어때?
업무 너무 많다.
같이 해결하자.
치킨 땡긴다.
양념치킨 어때?
지난 여행 기억나?
사진 다시 봐야겠다.
오늘은 여기까지 하자."
433,일반 대화,"지난 여행 기억나?
다음엔 더 가고 싶어.
업무 너무 많다.
나도 그래.
저녁 메뉴 추천해줘.
불고기 어떠신가요?
Ducimus 영화 재밌어 보이네.
정말? 나도 보고 싶다.
주말에 영화 보러 갈래?
시간 맞으면 보자.
해외여행 가고 싶다.
음… 글쎄.
지난 여행 기억나?
재밌었지.
치킨 땡긴다.
피자도 괜찮잖아.
여름 휴가 어디 갈 거야?
바다 가고 싶어.
오늘은 여기까지 하자."
434,일반 대화,"비 많이 올 것 같지 않아?
응, 우산 챙겨야겠다.
저녁 메뉴 추천해줘.
재밌네.
저녁 메뉴 추천해줘.
집밥이 최고야.
어제 본 영화 진짜 재밌었어.
그건 몰랐네.
비 많이 올 것 같지 않아?
비 올 때 집에서 쉴까?
여름 휴가 어디 갈 거야?
아직 못 정했어.
해외여행 가고 싶다.
맞아, 일본 가고 싶어.
저녁 메뉴 추천해줘.
그렇게 들리네.
잘 가!"
435,일반 대화,"비 많이 올 것 같지 않아?
주말엔 맑다더라.
점심 뭐 먹을래?
김밥 어때?
점심 뭐 먹을래?
분식 어때?
업무 너무 많다.
같이 해결하자.
점심 뭐 먹을래?
와 대박
저녁 메뉴 추천해줘.
짜장면 어때?
오늘은 여기까지 하자."
436,일반 대화,"해외여행 가고 싶다.
동남아 어때?
최신 영화 뭐가 좋대?
이야, 놀랍다.
저녁 메뉴 추천해줘.
불고기 어떠신가요?
Ducimus 영화 재밌어 보이네.
음… 글쎄.
프로젝트 언제 끝날까?
생각보다 오래 걸릴 듯.
최근에 본 영화 중 추천할 만한 거 있어?
액션 영화는 Fugit 영화가 최고.
저녁 메뉴 추천해줘.
불고기 어떠신가요?
치킨 땡긴다.
양념치킨 어때?
어제 본 영화 진짜 재밌었어.
난 별로였어.
오늘은 여기까지 하자."
437,일반 대화,"비 많이 올 것 같지 않아?
주말엔 맑다더라.
업무 너무 많다.
같이 해결하자.
비 많이 올 것 같지 않아?
헐 진짜?
오늘 회의 힘들었지?
재밌네.
최신 영화 뭐가 좋대?
리뷰 확인해봐.
프로젝트 언제 끝날까?
와 대박
오늘 날씨 진짜 좋다.
좋네!
그럼 내일 보자."
438,일반 대화,"주말에 영화 보러 갈래?
헐 진짜?
오늘 날씨 진짜 좋다.
햇볕이 따뜻하네.
어제 비 때문에 힘들었어.
그래서 늦었지?
여름 휴가 어디 갈 거야?
산으로 가고 싶네.
해외여행 가고 싶다.
유럽도 좋지.
어제 본 영화 진짜 재밌었어.
추천해줄까?
오늘 날씨 진짜 좋다.
내일은 더 춥대.
어제 비 때문에 힘들었어.
나도 젖었어.
치킨 땡긴다.
이야, 놀랍다.
조심히 들어가!"
439,일반 대화,"어제 비 때문에 힘들었어.
오 그렇구나.
오늘 날씨 진짜 좋다.
그러게, 산책하기 딱 좋네.
업무 너무 많다.
재밌네.
오늘 회의 힘들었지?
음… 글쎄.
점심 뭐 먹을래?
와 대박
업무 너무 많다.
휴가 내보는 게 어때?
퇴근하고 연락할게."
440,일반 대화,"비 많이 올 것 같지 않아?
응, 우산 챙겨야겠다.
지난 여행 기억나?
다음엔 더 가고 싶어.
저녁 메뉴 추천해줘.
재밌네.
오늘 날씨 진짜 좋다.
나도 그렇게 생각했어.
프로젝트 언제 끝날까?
음… 글쎄.
점심 뭐 먹을래?
나는 치킨.
주말에 또 얘기하자."
441,일반 대화,"어제 비 때문에 힘들었어.
그래서 늦었지?
어제 비 때문에 힘들었어.
다음엔 우산 꼭 챙겨.
점심 뭐 먹을래?
와 대박
저녁 메뉴 추천해줘.
와 대박
오늘 회의 힘들었지?
응 진짜 길더라.
최근에 본 영화 중 추천할 만한 거 있어?
액션 영화는 Sequi 영화가 최고.
최근에 본 영화 중 추천할 만한 거 있어?
Eveniet 영화 좋았어.
저녁 메뉴 추천해줘.
짜장면 어때?
어제 비 때문에 힘들었어.
다음엔 우산 꼭 챙겨.
오늘은 여기까지 하자."
442,일반 대화,"치킨 땡긴다.
피자도 괜찮잖아.
업무 너무 많다.
이야, 놀랍다.
치킨 땡긴다.
오 그렇구나.
어제 본 영화 진짜 재밌었어.
뭐 봤는데?
치킨 땡긴다.
피자도 괜찮잖아.
해외여행 가고 싶다.
돈만 있으면 당장 가지.
프로젝트 언제 끝날까?
나도 그렇게 생각했어.
오늘 회의 힘들었지?
응 진짜 길더라.
오늘은 여기까지 하자."
443,일반 대화,"점심 뭐 먹을래?
오 그렇구나.
치킨 땡긴다.
좋네!
여름 휴가 어디 갈 거야?
산으로 가고 싶네.
오늘 회의 힘들었지?
그래도 끝나서 다행.
Ducimus 영화 재밌어 보이네.
그렇게 들리네.
여름 휴가 어디 갈 거야?
산으로 가고 싶네.
Ducimus 영화 재밌어 보이네.
좋네!
그럼 내일 보자."
444,일반 대화,"업무 너무 많다.
정말?
비 많이 올 것 같지 않아?
주말엔 맑다더라.
여름 휴가 어디 갈 거야?
부천시 소사구 갈까 생각 중이야.
오늘 날씨 진짜 좋다.
그러게, 산책하기 딱 좋네.
오늘 날씨 진짜 좋다.
와 대박
점심 뭐 먹을래?
분식 어때?
오늘 회의 힘들었지?
나 졸릴 뻔했어.
퇴근하고 연락할게."
445,일반 대화,"지난 여행 기억나?
다음엔 더 가고 싶어.
오늘 회의 힘들었지?
나 졸릴 뻔했어.
지난 여행 기억나?
나도 그렇게 생각했어.
오늘 회의 힘들었지?
나 졸릴 뻔했어.
최신 영화 뭐가 좋대?
리뷰 확인해봐.
오늘 날씨 진짜 좋다.
내일은 더 춥대.
주말에 영화 보러 갈래?
좋아, 무슨 영화 볼까?
어제 비 때문에 힘들었어.
그래서 늦었지?
퇴근하고 연락할게."
446,일반 대화,"지난 여행 기억나?
다음엔 더 가고 싶어.
여름 휴가 어디 갈 거야?
바다 가고 싶어.
점심 뭐 먹을래?
김밥 어때?
최신 영화 뭐가 좋대?
로맨스도 괜찮지.
지난 여행 기억나?
그건 몰랐네.
오늘 회의 힘들었지?
그래도 끝나서 다행.
해외여행 가고 싶다.
맞아, 일본 가고 싶어.
오늘 날씨 진짜 좋다.
내일은 더 춥대.
그럼 내일 보자."
447,일반 대화,"여름 휴가 어디 갈 거야?
헐 진짜?
점심 뭐 먹을래?
나는 치킨.
비 많이 올 것 같지 않아?
주말엔 맑다더라.
최근에 본 영화 중 추천할 만한 거 있어?
좋네!
업무 너무 많다.
헐 진짜?
치킨 땡긴다.
그렇게 들리네.
점심 뭐 먹을래?
분식 어때?
오늘 회의 힘들었지?
응 진짜 길더라.
최신 영화 뭐가 좋대?
리뷰 확인해봐.
주말에 또 얘기하자."
448,일반 대화,"해외여행 가고 싶다.
유럽도 좋지.
저녁 메뉴 추천해줘.
나도 그렇게 생각했어.
오늘 회의 힘들었지?
그래도 끝나서 다행.
최신 영화 뭐가 좋대?
오 그렇구나.
지난 여행 기억나?
다음엔 더 가고 싶어.
치킨 땡긴다.
피자도 괜찮잖아.
저녁 메뉴 추천해줘.
헐 진짜?
저녁 메뉴 추천해줘.
짜장면 어때?
퇴근하고 연락할게."
449,일반 대화,"어제 비 때문에 힘들었어.
다음엔 우산 꼭 챙겨.
치킨 땡긴다.
양념치킨 어때?
프로젝트 언제 끝날까?
음… 글쎄.
점심 뭐 먹을래?
라면 땡겨.
오늘 날씨 진짜 좋다.
정말?
프로젝트 언제 끝날까?
그건 몰랐네.
잘 가!"
450,일반 대화,"비 많이 올 것 같지 않아?
비 올 때 집에서 쉴까?
해외여행 가고 싶다.
돈만 있으면 당장 가지.
어제 본 영화 진짜 재밌었어.
뭐 봤는데?
치킨 땡긴다.
어제도 먹었는데 또?
어제 비 때문에 힘들었어.
나도 젖었어.
오늘 회의 힘들었지?
나 졸릴 뻔했어.
조심히 들어가!"
451,일반 대화,"주말에 영화 보러 갈래?
음… 글쎄.
여름 휴가 어디 갈 거야?
아직 못 정했어.
해외여행 가고 싶다.
정말?
오늘 날씨 진짜 좋다.
오 그렇구나.
지난 여행 기억나?
그건 몰랐네.
Ducimus 영화 재밌어 보이네.
장르가 뭔데?
그럼 내일 보자."
452,일반 대화,"해외여행 가고 싶다.
돈만 있으면 당장 가지.
최신 영화 뭐가 좋대?
리뷰 확인해봐.
오늘 회의 힘들었지?
응 진짜 길더라.
비 많이 올 것 같지 않아?
비 올 때 집에서 쉴까?
저녁 메뉴 추천해줘.
집밥이 최고야.
점심 뭐 먹을래?
재밌네.
업무 너무 많다.
나도 그래.
오늘 회의 힘들었지?
그래도 끝나서 다행.
조심히 들어가!"
453,일반 대화,"여름 휴가 어디 갈 거야?
산으로 가고 싶네.
오늘 날씨 진짜 좋다.
햇볕이 따뜻하네.
업무 너무 많다.
재밌네.
비 많이 올 것 같지 않아?
그렇게 들리네.
점심 뭐 먹을래?
분식 어때?
치킨 땡긴다.
양념치킨 어때?
조심히 들어가!"
454,일반 대화,"어제 비 때문에 힘들었어.
그래서 늦었지?
어제 본 영화 진짜 재밌었어.
정말?
저녁 메뉴 추천해줘.
불고기 어떠신가요?
주말에 영화 보러 갈래?
좋아, 무슨 영화 볼까?
어제 본 영화 진짜 재밌었어.
나도 보려고 했는데!
비 많이 올 것 같지 않아?
비 올 때 집에서 쉴까?
저녁 메뉴 추천해줘.
재밌네.
퇴근하고 연락할게."
455,일반 대화,"오늘 날씨 진짜 좋다.
햇볕이 따뜻하네.
여름 휴가 어디 갈 거야?
아직 못 정했어.
업무 너무 많다.
같이 해결하자.
지난 여행 기억나?
그건 몰랐네.
업무 너무 많다.
같이 해결하자.
오늘 회의 힘들었지?
내일 더 바빠질듯.
주말에 또 얘기하자."
456,일반 대화,"지난 여행 기억나?
재밌었지.
비 많이 올 것 같지 않아?
그러네, 아침에도 흐렸어.
Ducimus 영화 재밌어 보이네.
정말? 나도 보고 싶다.
최근에 본 영화 중 추천할 만한 거 있어?
코미디로 Ullam 영화 어때?
어제 비 때문에 힘들었어.
다음엔 우산 꼭 챙겨.
여름 휴가 어디 갈 거야?
아산시 갈까 생각 중이야.
잘 가!"
457,일반 대화,"치킨 땡긴다.
피자도 괜찮잖아.
지난 여행 기억나?
다음엔 더 가고 싶어.
오늘 날씨 진짜 좋다.
그렇게 들리네.
지난 여행 기억나?
재밌었지.
오늘 날씨 진짜 좋다.
햇볕이 따뜻하네.
최근에 본 영화 중 추천할 만한 거 있어?
Provident 영화 좋았어.
업무 너무 많다.
나도 그래.
저녁 메뉴 추천해줘.
집밥이 최고야.
비 많이 올 것 같지 않아?
그러네, 아침에도 흐렸어.
주말에 또 얘기하자."
458,일반 대화,"오늘 날씨 진짜 좋다.
내일은 더 춥대.
해외여행 가고 싶다.
동남아 어때?
주말에 영화 보러 갈래?
난 액션 보고 싶어.
최신 영화 뭐가 좋대?
리뷰 확인해봐.
최근에 본 영화 중 추천할 만한 거 있어?
Officia 영화 좋았어.
점심 뭐 먹을래?
분식 어때?
어제 본 영화 진짜 재밌었어.
나도 보려고 했는데!
지난 여행 기억나?
다음엔 더 가고 싶어.
지난 여행 기억나?
헐 진짜?
잘 가!"
459,일반 대화,"점심 뭐 먹을래?
나도 그렇게 생각했어.
어제 본 영화 진짜 재밌었어.
나도 보려고 했는데!
주말에 영화 보러 갈래?
좋아, 무슨 영화 볼까?
여름 휴가 어디 갈 거야?
음… 글쎄.
오늘 날씨 진짜 좋다.
그러게, 산책하기 딱 좋네.
치킨 땡긴다.
어제도 먹었는데 또?
오늘은 여기까지 하자."
460,일반 대화,"오늘 날씨 진짜 좋다.
와 대박
치킨 땡긴다.
양념치킨 어때?
주말에 영화 보러 갈래?
헐 진짜?
최근에 본 영화 중 추천할 만한 거 있어?
코미디로 Tenetur 영화 어때?
어제 비 때문에 힘들었어.
나도 젖었어.
업무 너무 많다.
음… 글쎄.
주말에 또 얘기하자."
461,일반 대화,"업무 너무 많다.
재밌네.
저녁 메뉴 추천해줘.
집밥이 최고야.
오늘 날씨 진짜 좋다.
내일은 더 춥대.
해외여행 가고 싶다.
동남아 어때?
프로젝트 언제 끝날까?
음… 글쎄.
지난 여행 기억나?
재밌네.
어제 비 때문에 힘들었어.
음… 글쎄.
여름 휴가 어디 갈 거야?
홍성군 갈까 생각 중이야.
그럼 내일 보자."
462,일반 대화,"해외여행 가고 싶다.
그렇게 들리네.
지난 여행 기억나?
사진 다시 봐야겠다.
해외여행 가고 싶다.
동남아 어때?
오늘 회의 힘들었지?
헐 진짜?
오늘 회의 힘들었지?
나 졸릴 뻔했어.
비 많이 올 것 같지 않아?
비 올 때 집에서 쉴까?
오늘 회의 힘들었지?
나 졸릴 뻔했어.
잘 가!"
463,일반 대화,"주말에 영화 보러 갈래?
좋아, 무슨 영화 볼까?
프로젝트 언제 끝날까?
주말에 좀 해야겠어.
업무 너무 많다.
재밌네.
지난 여행 기억나?
사진 다시 봐야겠다.
Ducimus 영화 재밌어 보이네.
헐 진짜?
저녁 메뉴 추천해줘.
짜장면 어때?
그럼 내일 보자."
464,일반 대화,"어제 비 때문에 힘들었어.
나도 젖었어.
저녁 메뉴 추천해줘.
짜장면 어때?
프로젝트 언제 끝날까?
팀장한테 물어봐야겠네.
치킨 땡긴다.
음… 글쎄.
점심 뭐 먹을래?
와 대박
프로젝트 언제 끝날까?
팀장한테 물어봐야겠네.
치킨 땡긴다.
헐 진짜?
프로젝트 언제 끝날까?
그렇게 들리네.
여름 휴가 어디 갈 거야?
고양시 일산서구 갈까 생각 중이야.
잘 가!"
465,일반 대화,"여름 휴가 어디 갈 거야?
광명시 갈까 생각 중이야.
지난 여행 기억나?
정말?
오늘 날씨 진짜 좋다.
맞아 덥더라.
비 많이 올 것 같지 않아?
그건 몰랐네.
저녁 메뉴 추천해줘.
좋네!
비 많이 올 것 같지 않아?
주말엔 맑다더라.
최근에 본 영화 중 추천할 만한 거 있어?
Vel 영화 좋았어.
여름 휴가 어디 갈 거야?
오 그렇구나.
잘 가!"
466,일반 대화,"비 많이 올 것 같지 않아?
정말?
프로젝트 언제 끝날까?
주말에 좀 해야겠어.
주말에 영화 보러 갈래?
코미디 어때?
비 많이 올 것 같지 않아?
비 올 때 집에서 쉴까?
비 많이 올 것 같지 않아?
주말엔 맑다더라.
오늘 회의 힘들었지?
응 진짜 길더라.
오늘 날씨 진짜 좋다.
맞아 덥더라.
그럼 내일 보자."
467,일반 대화,"오늘 날씨 진짜 좋다.
이야, 놀랍다.
오늘 날씨 진짜 좋다.
그러게, 산책하기 딱 좋네.
업무 너무 많다.
나도 그래.
오늘 날씨 진짜 좋다.
맞아 덥더라.
어제 비 때문에 힘들었어.
와 대박
지난 여행 기억나?
다음엔 더 가고 싶어.
비 많이 올 것 같지 않아?
주말엔 맑다더라.
치킨 땡긴다.
나도 치킨 좋아해.
오늘 회의 힘들었지?
내일 더 바빠질듯.
주말에 또 얘기하자."
468,일반 대화,"치킨 땡긴다.
피자도 괜찮잖아.
오늘 회의 힘들었지?
내일 더 바빠질듯.
어제 본 영화 진짜 재밌었어.
이야, 놀랍다.
치킨 땡긴다.
재밌네.
업무 너무 많다.
같이 해결하자.
Ducimus 영화 재밌어 보이네.
장르가 뭔데?
퇴근하고 연락할게."
469,일반 대화,"최근에 본 영화 중 추천할 만한 거 있어?
코미디로 Odit 영화 어때?
오늘 날씨 진짜 좋다.
그건 몰랐네.
오늘 회의 힘들었지?
응 진짜 길더라.
비 많이 올 것 같지 않아?
응, 우산 챙겨야겠다.
비 많이 올 것 같지 않아?
그러네, 아침에도 흐렸어.
최근에 본 영화 중 추천할 만한 거 있어?
코미디로 Et 영화 어때?
오늘은 여기까지 하자."
470,일반 대화,"최신 영화 뭐가 좋대?
그렇게 들리네.
여름 휴가 어디 갈 거야?
산으로 가고 싶네.
점심 뭐 먹을래?
분식 어때?
업무 너무 많다.
휴가 내보는 게 어때?
최신 영화 뭐가 좋대?
와 대박
지난 여행 기억나?
다음엔 더 가고 싶어.
그럼 내일 보자."
471,일반 대화,"최신 영화 뭐가 좋대?
로맨스도 괜찮지.
오늘 회의 힘들었지?
그래도 끝나서 다행.
해외여행 가고 싶다.
맞아, 일본 가고 싶어.
오늘 날씨 진짜 좋다.
맞아 덥더라.
비 많이 올 것 같지 않아?
주말엔 맑다더라.
Ducimus 영화 재밌어 보이네.
장르가 뭔데?
조심히 들어가!"
472,일반 대화,"업무 너무 많다.
같이 해결하자.
최근에 본 영화 중 추천할 만한 거 있어?
액션 영화는 Facere 영화가 최고.
비 많이 올 것 같지 않아?
응, 우산 챙겨야겠다.
Ducimus 영화 재밌어 보이네.
장르가 뭔데?
저녁 메뉴 추천해줘.
집밥이 최고야.
프로젝트 언제 끝날까?
아마 다음 달쯤?
최근에 본 영화 중 추천할 만한 거 있어?
Sed 영화 좋았어.
주말에 영화 보러 갈래?
난 액션 보고 싶어.
오늘은 여기까지 하자."
473,일반 대화,"Ducimus 영화 재밌어 보이네.
그건 몰랐네.
점심 뭐 먹을래?
김밥 어때?
비 많이 올 것 같지 않아?
그러네, 아침에도 흐렸어.
프로젝트 언제 끝날까?
그건 몰랐네.
여름 휴가 어디 갈 거야?
아직 못 정했어.
점심 뭐 먹을래?
라면 땡겨.
조심히 들어가!"
474,일반 대화,"지난 여행 기억나?
사진 다시 봐야겠다.
주말에 영화 보러 갈래?
코미디 어때?
비 많이 올 것 같지 않아?
비 올 때 집에서 쉴까?
어제 비 때문에 힘들었어.
그래서 늦었지?
오늘 날씨 진짜 좋다.
내일은 더 춥대.
업무 너무 많다.
나도 그래.
지난 여행 기억나?
좋네!
잘 가!"
475,일반 대화,"어제 비 때문에 힘들었어.
나도 젖었어.
지난 여행 기억나?
사진 다시 봐야겠다.
오늘 회의 힘들었지?
내일 더 바빠질듯.
해외여행 가고 싶다.
재밌네.
업무 너무 많다.
오 그렇구나.
최신 영화 뭐가 좋대?
재밌네.
어제 비 때문에 힘들었어.
나도 젖었어.
해외여행 가고 싶다.
이야, 놀랍다.
잘 가!"
476,일반 대화,"점심 뭐 먹을래?
김밥 어때?
어제 비 때문에 힘들었어.
나도 젖었어.
치킨 땡긴다.
와 대박
오늘 날씨 진짜 좋다.
햇볕이 따뜻하네.
치킨 땡긴다.
나도 치킨 좋아해.
오늘 날씨 진짜 좋다.
햇볕이 따뜻하네.
점심 뭐 먹을래?
나는 치킨.
주말에 또 얘기하자."
477,일반 대화,"업무 너무 많다.
휴가 내보는 게 어때?
업무 너무 많다.
같이 해결하자.
업무 너무 많다.
나도 그래.
최근에 본 영화 중 추천할 만한 거 있어?
재밌네.
최근에 본 영화 중 추천할 만한 거 있어?
코미디로 Repudiandae 영화 어때?
오늘 날씨 진짜 좋다.
내일은 더 춥대.
업무 너무 많다.
재밌네.
점심 뭐 먹을래?
김밥 어때?
프로젝트 언제 끝날까?
아마 다음 달쯤?
오늘은 여기까지 하자."
478,일반 대화,"오늘 날씨 진짜 좋다.
맞아 덥더라.
여름 휴가 어디 갈 거야?
와 대박
해외여행 가고 싶다.
맞아, 일본 가고 싶어.
최근에 본 영화 중 추천할 만한 거 있어?
재밌네.
해외여행 가고 싶다.
유럽도 좋지.
저녁 메뉴 추천해줘.
짜장면 어때?
지난 여행 기억나?
좋네!
프로젝트 언제 끝날까?
생각보다 오래 걸릴 듯.
조심히 들어가!"
479,일반 대화,"Ducimus 영화 재밌어 보이네.
재밌네.
점심 뭐 먹을래?
분식 어때?
오늘 회의 힘들었지?
그래도 끝나서 다행.
업무 너무 많다.
같이 해결하자.
어제 비 때문에 힘들었어.
나도 젖었어.
여름 휴가 어디 갈 거야?
바다 가고 싶어.
어제 본 영화 진짜 재밌었어.
나도 보려고 했는데!
오늘은 여기까지 하자."
480,일반 대화,"업무 너무 많다.
같이 해결하자.
프로젝트 언제 끝날까?
음… 글쎄.
점심 뭐 먹을래?
그렇게 들리네.
여름 휴가 어디 갈 거야?
재밌네.
업무 너무 많다.
음… 글쎄.
비 많이 올 것 같지 않아?
그렇게 들리네.
어제 비 때문에 힘들었어.
이야, 놀랍다.
여름 휴가 어디 갈 거야?
아직 못 정했어.
조심히 들어가!"
481,일반 대화,"점심 뭐 먹을래?
라면 땡겨.
점심 뭐 먹을래?
정말?
오늘 날씨 진짜 좋다.
맞아 덥더라.
어제 비 때문에 힘들었어.
그래서 늦었지?
저녁 메뉴 추천해줘.
불고기 어떠신가요?
점심 뭐 먹을래?
이야, 놀랍다.
최근에 본 영화 중 추천할 만한 거 있어?
그렇게 들리네.
오늘 회의 힘들었지?
그래도 끝나서 다행.
잘 가!"
482,일반 대화,"비 많이 올 것 같지 않아?
이야, 놀랍다.
Ducimus 영화 재밌어 보이네.
음… 글쎄.
점심 뭐 먹을래?
나는 치킨.
비 많이 올 것 같지 않아?
응, 우산 챙겨야겠다.
프로젝트 언제 끝날까?
오 그렇구나.
여름 휴가 어디 갈 거야?
산으로 가고 싶네.
조심히 들어가!"
483,일반 대화,"저녁 메뉴 추천해줘.
짜장면 어때?
치킨 땡긴다.
어제도 먹었는데 또?
오늘 날씨 진짜 좋다.
이야, 놀랍다.
해외여행 가고 싶다.
나도 그렇게 생각했어.
지난 여행 기억나?
그렇게 들리네.
주말에 영화 보러 갈래?
난 액션 보고 싶어.
주말에 또 얘기하자."
484,일반 대화,"업무 너무 많다.
휴가 내보는 게 어때?
오늘 회의 힘들었지?
나 졸릴 뻔했어.
어제 비 때문에 힘들었어.
정말?
어제 비 때문에 힘들었어.
그래서 늦었지?
비 많이 올 것 같지 않아?
좋네!
프로젝트 언제 끝날까?
이야, 놀랍다.
최근에 본 영화 중 추천할 만한 거 있어?
와 대박
그럼 내일 보자."
485,일반 대화,"어제 비 때문에 힘들었어.
나도 그렇게 생각했어.
주말에 영화 보러 갈래?
나도 그렇게 생각했어.
저녁 메뉴 추천해줘.
재밌네.
해외여행 가고 싶다.
오 그렇구나.
Ducimus 영화 재밌어 보이네.
정말? 나도 보고 싶다.
어제 비 때문에 힘들었어.
그래서 늦었지?
비 많이 올 것 같지 않아?
나도 그렇게 생각했어.
퇴근하고 연락할게."
486,일반 대화,"프로젝트 언제 끝날까?
좋네!
점심 뭐 먹을래?
이야, 놀랍다.
최신 영화 뭐가 좋대?
좋네!
여름 휴가 어디 갈 거야?
산으로 가고 싶네.
치킨 땡긴다.
어제도 먹었는데 또?
지난 여행 기억나?
좋네!
그럼 내일 보자."
487,일반 대화,"지난 여행 기억나?
다음엔 더 가고 싶어.
여름 휴가 어디 갈 거야?
바다 가고 싶어.
저녁 메뉴 추천해줘.
이야, 놀랍다.
최근에 본 영화 중 추천할 만한 거 있어?
A 영화 좋았어.
주말에 영화 보러 갈래?
정말?
점심 뭐 먹을래?
좋네!
오늘은 여기까지 하자."
488,일반 대화,"저녁 메뉴 추천해줘.
헐 진짜?
지난 여행 기억나?
이야, 놀랍다.
지난 여행 기억나?
사진 다시 봐야겠다.
치킨 땡긴다.
오 그렇구나.
주말에 영화 보러 갈래?
코미디 어때?
오늘 회의 힘들었지?
그렇게 들리네.
최근에 본 영화 중 추천할 만한 거 있어?
코미디로 Modi 영화 어때?
점심 뭐 먹을래?
헐 진짜?
오늘 회의 힘들었지?
내일 더 바빠질듯.
주말에 또 얘기하자."
489,일반 대화,"점심 뭐 먹을래?
음… 글쎄.
어제 비 때문에 힘들었어.
그래서 늦었지?
업무 너무 많다.
같이 해결하자.
여름 휴가 어디 갈 거야?
헐 진짜?
프로젝트 언제 끝날까?
그건 몰랐네.
최신 영화 뭐가 좋대?
로맨스도 괜찮지.
비 많이 올 것 같지 않아?
응, 우산 챙겨야겠다.
오늘 날씨 진짜 좋다.
내일은 더 춥대.
주말에 또 얘기하자."
490,일반 대화,"해외여행 가고 싶다.
돈만 있으면 당장 가지.
Ducimus 영화 재밌어 보이네.
정말?
오늘 날씨 진짜 좋다.
헐 진짜?
여름 휴가 어디 갈 거야?
정말?
최신 영화 뭐가 좋대?
이야, 놀랍다.
여름 휴가 어디 갈 거야?
안산시 단원구 갈까 생각 중이야.
어제 비 때문에 힘들었어.
나도 젖었어.
오늘 날씨 진짜 좋다.
그건 몰랐네.
조심히 들어가!"
491,일반 대화,"저녁 메뉴 추천해줘.
짜장면 어때?
프로젝트 언제 끝날까?
아마 다음 달쯤?
점심 뭐 먹을래?
김밥 어때?
어제 본 영화 진짜 재밌었어.
정말?
해외여행 가고 싶다.
좋네!
어제 비 때문에 힘들었어.
그래서 늦었지?
여름 휴가 어디 갈 거야?
바다 가고 싶어.
저녁 메뉴 추천해줘.
집밥이 최고야.
오늘은 여기까지 하자."
492,일반 대화,"여름 휴가 어디 갈 거야?
아직 못 정했어.
지난 여행 기억나?
그건 몰랐네.
여름 휴가 어디 갈 거야?
바다 가고 싶어.
업무 너무 많다.
휴가 내보는 게 어때?
업무 너무 많다.
나도 그래.
업무 너무 많다.
정말?
오늘은 여기까지 하자."
493,일반 대화,"지난 여행 기억나?
재밌었지.
업무 너무 많다.
같이 해결하자.
여름 휴가 어디 갈 거야?
와 대박
점심 뭐 먹을래?
라면 땡겨.
오늘 회의 힘들었지?
내일 더 바빠질듯.
오늘 날씨 진짜 좋다.
맞아 덥더라.
잘 가!"
494,일반 대화,"오늘 날씨 진짜 좋다.
오 그렇구나.
오늘 회의 힘들었지?
그래도 끝나서 다행.
주말에 영화 보러 갈래?
나도 그렇게 생각했어.
해외여행 가고 싶다.
와 대박
주말에 영화 보러 갈래?
난 액션 보고 싶어.
프로젝트 언제 끝날까?
생각보다 오래 걸릴 듯.
주말에 또 얘기하자."
495,일반 대화,"지난 여행 기억나?
다음엔 더 가고 싶어.
어제 본 영화 진짜 재밌었어.
난 별로였어.
치킨 땡긴다.
양념치킨 어때?
오늘 회의 힘들었지?
그래도 끝나서 다행.
점심 뭐 먹을래?
분식 어때?
어제 본 영화 진짜 재밌었어.
추천해줄까?
프로젝트 언제 끝날까?
주말에 좀 해야겠어.
프로젝트 언제 끝날까?
주말에 좀 해야겠어.
주말에 또 얘기하자."
496,일반 대화,"지난 여행 기억나?
재밌었지.
저녁 메뉴 추천해줘.
짜장면 어때?
오늘 날씨 진짜 좋다.
그건 몰랐네.
여름 휴가 어디 갈 거야?
나도 그렇게 생각했어.
어제 본 영화 진짜 재밌었어.
재밌네.
여름 휴가 어디 갈 거야?
산으로 가고 싶네.
치킨 땡긴다.
어제도 먹었는데 또?
오늘은 여기까지 하자."
497,일반 대화,"비 많이 올 것 같지 않아?
응, 우산 챙겨야겠다.
비 많이 올 것 같지 않아?
와 대박
오늘 날씨 진짜 좋다.
그러게, 산책하기 딱 좋네.
저녁 메뉴 추천해줘.
좋네!
치킨 땡긴다.
어제도 먹었는데 또?
지난 여행 기억나?
사진 다시 봐야겠다.
치킨 땡긴다.
어제도 먹었는데 또?
점심 뭐 먹을래?
분식 어때?
잘 가!"
498,일반 대화,"여름 휴가 어디 갈 거야?
화성시 갈까 생각 중이야.
프로젝트 언제 끝날까?
와 대박
업무 너무 많다.
휴가 내보는 게 어때?
프로젝트 언제 끝날까?
팀장한테 물어봐야겠네.
업무 너무 많다.
같이 해결하자.
점심 뭐 먹을래?
김밥 어때?
여름 휴가 어디 갈 거야?
헐 진짜?
여름 휴가 어디 갈 거야?
아직 못 정했어.
오늘은 여기까지 하자."
499,일반 대화,"치킨 땡긴다.
오 그렇구나.
오늘 날씨 진짜 좋다.
햇볕이 따뜻하네.
프로젝트 언제 끝날까?
아마 다음 달쯤?
지난 여행 기억나?
재밌었지.
지난 여행 기억나?
와 대박
주말에 영화 보러 갈래?
시간 맞으면 보자.
저녁 메뉴 추천해줘.
집밥이 최고야.
프로젝트 언제 끝날까?
팀장한테 물어봐야겠네.
그럼 내일 보자."
500,일반 대화,"여름 휴가 어디 갈 거야?
좋네!
해외여행 가고 싶다.
동남아 어때?
비 많이 올 것 같지 않아?
정말?
업무 너무 많다.
휴가 내보는 게 어때?
해외여행 가고 싶다.
동남아 어때?
오늘 회의 힘들었지?
응 진짜 길더라.
최근에 본 영화 중 추천할 만한 거 있어?
코미디로 Totam 영화 어때?
오늘은 여기까지 하자."
